URL,Title,HTTP status code,Is indexable page,No. of all inlinks,Content type
https://www.blancareal.com/,BlancaReal: Luxury Properties on the Costa del Sol 🏡☀️,200,true,145,text/html; charset=utf-8
https://www.blancareal.com/blog/,Blog | BlancaReal,200,true,157,text/html; charset=utf-8
https://www.blancareal.com/our-developments/,Our Developments | BlancaReal,200,true,141,text/html; charset=utf-8
https://www.blancareal.com/contact/,Contact | BlancaReal,200,true,141,text/html; charset=utf-8
https://www.blancareal.com/faqs/,FAQs | BlancaReal,200,true,141,text/html; charset=utf-8
https://www.blancareal.com/new-construction/,New construction | BlancaReal,200,true,141,text/html; charset=utf-8
https://www.blancareal.com/services/,Services | BlancaReal,200,true,141,text/html; charset=utf-8
https://www.blancareal.com/luxury-villas/,Luxury villas | BlancaReal,200,true,141,text/html; charset=utf-8
https://www.blancareal.com/second-hand/,Second hand | BlancaReal,200,true,141,text/html; charset=utf-8
https://www.blancareal.com/we-sell-your-home-professional-mediation-with-in-house-legal-services-and-marketing/,We sell your home! Professional mediation with in-house legal services and marketing | BlancaReal,200,true,33,text/html; charset=utf-8
https://www.blancareal.com/property/sea-view-penthouse-arenal-golf-double-parking-storage/,Exterior Home with Sea Views in Arenal Golf – Double Parking & Storage Room | BlancaReal,200,true,35,text/html; charset=utf-8
https://www.blancareal.com/how-can-i-legally-rent-my-property-to-tourists-in-andalusia/,How can I legally rent my property to tourists in Andalusia? | BlancaReal,200,true,33,text/html; charset=utf-8
https://www.blancareal.com/category/real-estate-news/,Real Estate News archivos | BlancaReal,200,true,33,text/html; charset=utf-8
https://www.blancareal.com/category/uncategorized/,Uncategorized archivos | BlancaReal,200,true,33,text/html; charset=utf-8
https://www.blancareal.com/category/real-estate-6/,Real Estate archivos | BlancaReal,200,true,30,text/html; charset=utf-8
https://www.blancareal.com/legal-information-on-illegal-occupation-in-spain/,LEGAL INFORMATION ON ILLEGAL OCCUPATION IN SPAIN | BlancaReal,200,true,30,text/html; charset=utf-8
https://www.blancareal.com/category/new-develpments/,New develpments archivos | BlancaReal,200,true,30,text/html; charset=utf-8
https://www.blancareal.com/property/newly-built-luxury-appartment-costa-del-sol/,NEWLY BUILT LUXURY APPARTMENT COSTA DEL SOL | BlancaReal,200,true,26,text/html; charset=utf-8
https://www.blancareal.com/trade-war-us-costa-del-sol-europe-international/,How Will the Trump’s Tariffs Affect the Property Market in Spain and the Costa del Sol? | BlancaReal,200,true,30,text/html; charset=utf-8
https://www.blancareal.com/property/staylish-villa-with-sea-views-marbella-east/,Staylish villa with sea views Marbella East | BlancaReal,200,true,26,text/html; charset=utf-8
https://www.blancareal.com/category/arquitecture-and-design/,Arquitecture and Design archivos | BlancaReal,200,true,30,text/html; charset=utf-8
https://www.blancareal.com/category/partners/,Partners archivos | BlancaReal,200,true,30,text/html; charset=utf-8
https://www.blancareal.com/property/penthouses-with-sea-views-in-estepona/,PENTHOUSES WITH SEA VIEWS IN ESTEPONA | BlancaReal,200,true,17,text/html; charset=utf-8
https://www.blancareal.com/property/luxury-apartments-with-sea-views-in-ojen/,LUXURY APARTMENTS WITH SEA VIEWS IN OJÉN | BlancaReal,200,true,17,text/html; charset=utf-8
https://www.blancareal.com/taxes-pay-costa-del-sol-property/,Which taxes do i need to pay for a Costa del Sol property?,200,true,15,text/html; charset=utf-8
https://www.blancareal.com/property/newly-built-penthouse-apartment-in-el-higueron/,NEWLY BUILT PENTHOUSE APARTMENT IN EL HIGUERON | BlancaReal,200,true,13,text/html; charset=utf-8
https://www.blancareal.com/dorronsoro-architeture-firm-behind-calahonda-sunset/,DORRONSORO: ARQUITECTURE FIRM BEHIND CALAHONDA SUNSET | BlancaReal,200,true,3,text/html; charset=utf-8
https://www.blancareal.com/property/holiday-rental-apartment-near-the-beach-mijas-costa/,Holiday Rental Apartment near the Beach | Mijas Costa | BlancaReal,200,true,2,text/html; charset=utf-8
https://www.blancareal.com/blanca-real-continues-to-support-malaga-expo-2027/,BLANCA REAL CONTINUES TO SUPPORT MALAGA EXPO 2027 | BlancaReal,200,true,2,text/html; charset=utf-8
https://www.blancareal.com/who-pays-real-estate-commission-fees-in-spain/,Who Pays Real Estate Commission Fees in Spain? | BlancaReal,200,true,2,text/html; charset=utf-8
https://www.blancareal.com/property/newly-built-apartments-fuengirola-costa-del-sol/,"NEWLY BUILT APARTMENTS FUENGIROLA, COSTA DEL SOL | BlancaReal",200,true,1,text/html; charset=utf-8
https://www.blancareal.com/property/apartments-for-sale-1-2-or-3-beds-with-sea-views-mijas/,"APARTMENTS FOR SALE 1, 2, OR 3 BEDS WITH SEA VIEWS | MIJAS | BlancaReal",200,true,5,text/html; charset=utf-8
https://www.blancareal.com/property/new-build-flats-in-el-higueron-fuengirola/,"NEW BUILD APARTMENTS IN FUENGIROLA, COSTA DEL SOL | BlancaReal",200,true,4,text/html; charset=utf-8
https://www.blancareal.com/property/newly-built-appartments-fuengirola-costa-del-sol/,"NEWLY BUILT APARTMENTS FUENGIROLA, COSTA DEL SOL | BlancaReal",200,true,1,text/html; charset=utf-8
https://www.blancareal.com/property/houses-for-sale-mijas/,"TOWNHOUSES IN MIJAS COSTA, COSTA DEL SOL | BlancaReal",200,true,6,text/html; charset=utf-8
https://www.blancareal.com/property/commercial-property-la-cala-de-mijas-centre/,START YOUR RESTAURANT IN COSTA DEL SOL | BlancaReal,200,true,1,text/html; charset=utf-8
https://www.blancareal.com/property/urban-plot-for-sale-torrox-malaga/,URBAN PLOT FOR SALE TORROX-MALAGA | BlancaReal,200,true,3,text/html; charset=utf-8
https://www.blancareal.com/property/beachfront-villa-in-costa-del-sol-for-rent/,BEACHFRONT VILLA IN COSTA DEL SOL FOR RENT | BlancaReal,200,true,2,text/html; charset=utf-8
https://www.blancareal.com/property/plot-for-sale-in-mijas/,Plot for sale in Mijas Costa | BlancaReal,200,true,3,text/html; charset=utf-8
https://www.blancareal.com/property/plot-in-nueva-andalucia-with-project-marbella/,"PLOT IN NUEVA ANDALUCIA WITH PROJECT, MARBELLA | BlancaReal",200,true,5,text/html; charset=utf-8
https://www.blancareal.com/property/wonderful-indipendent-detached-villa-in-cabopino-marbella/,"WONDERFUL INDEPENDENT DETACHED VILLA IN CABOPINO, MARBELLA | BlancaReal",200,true,3,text/html; charset=utf-8
https://www.blancareal.com/property/new-construction-luxury-villa-with-swimming-pool-in-el-higueron-fuengirola/,NEWLY BUILT LUXURY PENTHOUSES IN COSTA DEL SOL | BlancaReal,200,true,6,text/html; charset=utf-8
https://www.blancareal.com/property/exclusive-luxury-villas-project-with-sea-views-in-mijas/,EXCLUSIVE LUXURIOUS VILLAS PROJECT WITH SEA VIEWS IN MIJAS | BlancaReal,200,true,1,text/html; charset=utf-8
https://www.blancareal.com/why-buy-house-malaga-with-agency/,Why buy a house in Malaga with a real estate agency?,200,true,1,text/html; charset=utf-8
https://www.blancareal.com/style-properties-costa-del-sol/,The minimalist style of the Costa del Sol properties.,200,true,2,text/html; charset=utf-8
https://www.blancareal.com/property/properties-for-sale-in-mijas-costa/,🏖️☀️CONTEMPORARY STYLE VILLAS IN MIJAS COSTA DEL SOL | BlancaReal,200,true,4,text/html; charset=utf-8
https://www.blancareal.com/property/2-3-bedroom-apartments-sea-views-sotogrande/,2 or 3 BEDROOMS APARTMENTS FOR SALE WITH SEA VIEWS NEXT TO SOTOGRANDE | BlancaReal,200,true,2,text/html; charset=utf-8
https://www.blancareal.com/property/newly-built-3-bedrooms-apartments-fuengirola-costa-del-sol/,"NEWLY BUILT 3 BEDROOMS APARTMENTS FUENGIROLA, COSTA DEL SOL | BlancaReal",200,true,1,text/html; charset=utf-8
https://www.blancareal.com/property/penthouse-with-private-pool-for-sale-in-estepona/,3-4 BEDS PENTHOUSE ESTEPONA CLOSE TO THE BEACH | BlancaReal,200,true,0,text/html; charset=utf-8
https://www.blancareal.com/property/flats-in-fuengirola/,New Build Flats in Fuengirola | BlancaReal,200,true,0,text/html; charset=utf-8
https://www.blancareal.com/vacation/,Vacation | BlancaReal,200,true,0,text/html; charset=utf-8
https://www.blancareal.com/property/houses-for-sale-fuengirola/,"EXCLUSIVE APARTMENTS FUENGIROLA CENTRE, COSTA DEL SOL | BlancaReal",200,true,0,text/html; charset=utf-8
https://www.blancareal.com/property/new-construction-villas-with-sea-views-in-manilva/,NEW CONSTRUCTION VILLAS WITH SEA VIEWS IN MANILVA | BlancaReal,200,true,0,text/html; charset=utf-8
https://www.blancareal.com/property/majestic-villas-with-sea-views-in-mijas-costa-del-sol/,MAJESTIC VILLAS WITH SEA VIEWS IN MIJAS | COSTA DEL SOL | BlancaReal,200,true,0,text/html; charset=utf-8
https://www.blancareal.com/home/,BlancaReal: Luxury Properties on the Costa del Sol 🏡☀️,200,true,0,text/html; charset=utf-8
https://www.blancareal.com/property/3-bedroom-flat-in-estepona/,3 BEDROOM APARTMENTS ESTEPONA BEACH AT 5 MINUTS | BlancaReal,200,true,0,text/html; charset=utf-8
https://www.blancareal.com/property/2-bedroom-flat-in-estepona/,2 BEDROOM APARTMENT ESTEPONA | BlancaReal,200,true,0,text/html; charset=utf-8
https://www.blancareal.com/property/villa-for-sale-in-marbella/,Palo Alto Ojén Marbella | BlancaReal,200,true,0,text/html; charset=utf-8
https://www.blancareal.com/es/que-conlleva-obtener-hoy-el-certificado-a-en-viviendas/,¿Qué conlleva obtener hoy el certificado A en viviendas? | BlancaReal,200,true,0,text/html; charset=utf-8
https://www.blancareal.com/property/new-development-apartments-estepona-costa-del-sol/,"NEW DEVELOPMENT APARTMENTS ESTEPONA, COSTA DEL SOL | BlancaReal",200,true,0,text/html; charset=utf-8
https://www.blancareal.com/property-search/,Property search | BlancaReal,200,true,0,text/html; charset=utf-8
https://www.blancareal.com/property/luxury-flat-with-sea-view-in-marbella-2/,LUXURY APARTMENT WITH SEA VIEW IN MARBELLA | BlancaReal,200,true,0,text/html; charset=utf-8
https://www.blancareal.com/5-reasons-invest-costa-del-sol-given-instability-middle-east/,5 reasons to invest on the Costa del Sol amid instability in the Middle East,200,true,33,text/html; charset=utf-8
https://www.blancareal.com/property/luxury-villa-nueva-andalucia-marbella/,"Sophisticated Luxury Villa in Nueva Andalucia, Marbella | BlancaReal",200,true,28,text/html; charset=utf-8
https://www.blancareal.com/es/blog/,Blog | BlancaReal,200,true,21,text/html; charset=utf-8
https://www.blancareal.com/de/blog/,Blog | BlancaReal,200,true,15,text/html; charset=utf-8
https://www.blancareal.com/nl/bloggen/,Bloggen | BlancaReal,200,true,15,text/html; charset=utf-8
https://www.blancareal.com/fr/blog/,Blog | BlancaReal,200,true,15,text/html; charset=utf-8
https://www.blancareal.com/it/blog/,Blog | BlancaReal,200,true,15,text/html; charset=utf-8
https://www.blancareal.com/blancareal-and-resimo-innovative-real-estate-experience-on-the-costa-del-sol/,BLANCAREAL AND RESIMO: INNOVATIVE REAL ESTATE EXPERIENCE ON THE COSTA DEL SOL | BlancaReal,200,true,4,text/html; charset=utf-8
https://www.blancareal.com/blog/page/3/,Blog | Page 3 of 5 | BlancaReal,200,true,6,text/html; charset=utf-8
https://www.blancareal.com/de/steuern-haus-kaufen-spanien/,Welche Steuern muss ich für den Kauf einer Immobilie in Spanien bezahlen?,200,true,8,text/html; charset=utf-8
https://www.blancareal.com/blog/page/2/,Blog | Page 2 of 5 | BlancaReal,200,true,6,text/html; charset=utf-8
https://www.blancareal.com/blog/page/4/,Blog | Page 4 of 5 | BlancaReal,200,true,6,text/html; charset=utf-8
https://www.blancareal.com/property/spectacular-new-build-property-fuengirola/,"Spectacular new-build property in El Higuerón, Fuengirola | BlancaReal",200,true,4,text/html; charset=utf-8
https://www.blancareal.com/property/new-townhouses-san-pedro-de-alcantara/,New Townhouses in San Pedro de Alcántara | BlancaReal,200,true,6,text/html; charset=utf-8
https://www.blancareal.com/property/plot-for-sale-mijas-costa/,Land for sale in Mijas Costa | BlancaReal,200,true,4,text/html; charset=utf-8
https://www.blancareal.com/property/beautiful-apartment-san-pedro/,Beautiful Apartment in San Pedro de Alcántara | BlancaReal,200,true,4,text/html; charset=utf-8
https://www.blancareal.com/property/beautiful-modern-1st-floor-apartment-las-lagunas-de-mijas/,Beautiful Modern 1st Floor Apartment in Las Lagunas de Mijas | BlancaReal,200,true,4,text/html; charset=utf-8
https://www.blancareal.com/property/3-bedroom-apartment-beachfront-fuengirola/,3-Bedroom Apartment on the Beachfront in Fuengirola | BlancaReal,200,true,4,text/html; charset=utf-8
https://www.blancareal.com/it/tasse-comprare-casa-in-spagna/,Quali tasse devo pagare per comprare casa in Spagna?,200,true,8,text/html; charset=utf-8
https://www.blancareal.com/blog/page/5/,Blog | Page 5 of 5 | BlancaReal,200,true,5,text/html; charset=utf-8
https://www.blancareal.com/es/gastos-comprar-piso-en-malaga/,¿Qué gastos necesito pagar para comprar piso en Málaga?,200,true,8,text/html; charset=utf-8
https://www.blancareal.com/fr/impots-achat-maison-en-espagne/,Quels son les impôts à payer à l’achat d’une maison en espagne?,200,true,8,text/html; charset=utf-8
https://www.blancareal.com/property/3-story-family-home-fuengirola/,3-story Family Home in Fuengirola | BlancaReal,200,true,6,text/html; charset=utf-8
https://www.blancareal.com/property/bright-apartment-san-pedro-de-alcantara/,Bright Apartment in San Pedro de Alcántara | BlancaReal,200,true,6,text/html; charset=utf-8
https://www.blancareal.com/tag/taxes/,taxes archivos | BlancaReal,200,true,1,text/html; charset=utf-8
https://www.blancareal.com/property/townhouse-with-sea-and-fuengirola-views-costa-del-sol/,"TOWNHOUSE WITH SEA AND FUENGIROLA VIEWS, COSTA DEL SOL | BlancaReal",200,true,2,text/html; charset=utf-8
https://www.blancareal.com/property/almitak-offplan-appartements-and-penthouses-mijas-costa/,ALMITAK- OFFPLAN APPARTEMENTS AND PENTHOUSES MIJAS COSTA | BlancaReal,200,true,3,text/html; charset=utf-8
https://www.blancareal.com/property/3b-apartment-with-sea-views-estepona/,3B APARTMENT WITH SEA VIEWS ESTEPONA | BlancaReal,200,true,0,text/html; charset=utf-8
https://www.blancareal.com/contact-blancareal-costadel-sol/,Contact | BlancaReal,200,true,0,text/html; charset=utf-8
https://www.blancareal.com/property/new-build-property-los-pacos-fuengirola/,"Exclusive New-build Property in Los Pacos, Fuengirola | BlancaReal",200,true,0,text/html; charset=utf-8
https://www.blancareal.com/rentals/,Villas and flats for rent in Malaga and province | BlancaReal,200,true,0,text/html; charset=utf-8
https://www.blancareal.com/es/el-precio-de-la-eficiencia-energetica-una-comparativa-desde-ahorro-en-luz-hasta-sostenibilidad/,El precio de la eficiencia energética. Una comparativa desde ahorro en luz hasta sostenibilidad. | BlancaReal,200,true,0,text/html; charset=utf-8
https://www.blancareal.com/sustainable-fuengirola/,Sustainable Fuengirola | BlancaReal,200,true,2,text/html; charset=utf-8
https://www.blancareal.com/property/new-construction-villa-in-el-higueron/,NEW CONSTRUCTION VILLA IN EL HIGUERON | BlancaReal,200,true,0,text/html; charset=utf-8
https://www.blancareal.com/property/luxury-villa-at-the-heart-of-conde-de-urena/,LUXURY VILLA AT MALAGA CENTRE | BlancaReal,200,true,0,text/html; charset=utf-8
https://www.blancareal.com/es/certificados-de-eficiencia-energetica-de-clase-a/,Certificados de eficiencia energética de clase A | BlancaReal,200,true,0,text/html; charset=utf-8
https://www.blancareal.com/our-developments-2/,Our Developments | BlancaReal,200,true,0,text/html; charset=utf-8
https://www.blancareal.com/property/semi-detached-villa-with-sea-view/,Semi-detached villa with sea view in Calahonda | BlancaReal,200,true,0,text/html; charset=utf-8
https://www.blancareal.com/property/new-construction-villa-in-el-higueron-2/,NEW CONSTRUCTION VILLA IN EL HIGUERON | BlancaReal,200,true,1,text/html; charset=utf-8
https://www.blancareal.com/property/3-bedrooms-apartment-marbella-east/,3 BEDROOMS APARTMENT MARBELLA EAST | BlancaReal,200,true,0,text/html; charset=utf-8
https://www.blancareal.com/property/apartment-to-rent-mijas-costa/,"Flat for 4 people in El Chaparral, Mijas | BlancaReal",200,true,0,text/html; charset=utf-8
https://www.blancareal.com/property/viviendas-con-vistas-panoramicas-al-mar-y-al-golf-en-un-entorno-exclusivo/,"Exclusive Homes with Panoramic Sea and Golf Views in an Elevated, Peaceful Setting in Casares | BlancaReal",200,true,0,text/html; charset=utf-8
https://www.blancareal.com/property/almitak-offplan-apartments-and-penthouses-mijas-costa/,ALMITAK- OFFPLAN APARTMENTS AND PENTHOUSES MIJAS COSTA | BlancaReal,200,true,2,text/html; charset=utf-8
https://www.blancareal.com/es/consejos-para-nueva-inversion-dar-de-alta-la-luz/,"Consejos para su nueva inversión, gestiones y cómo dar de alta la luz",200,true,0,text/html; charset=utf-8
https://www.blancareal.com/property/refined-contemporary-living-between-nature-and-marbella/,Refined Contemporary Living Between Nature and Marbella | BlancaReal,200,true,0,text/html; charset=utf-8
https://www.blancareal.com/property/3-bedroom-semi-detached-panoramic-views-and-roof-terrace-malaga-centre/,3-bedroom semi-detached | Panoramic views and roof terrace | Malaga Centre,200,true,0,text/html; charset=utf-8
https://www.blancareal.com/property/apartments-for-sale-mijas-costa/,NEW APARTMENTS CALA DE MIJAS COSTA DEL SOL | BlancaReal,200,true,0,text/html; charset=utf-8
https://www.blancareal.com/property/newly-built-flats-in-el-higueron-fuengirola/,"NEWLY BUILT APARTMENTS IN EL HIGUERON, FUENGIROLA | BlancaReal",200,true,0,text/html; charset=utf-8
https://www.blancareal.com/property/local-comercial-las-terrazas-de-miraflores/,COMMERCIAL PROPERTY OPPORTUNITY IN MIJAS COSTA | BlancaReal,200,true,1,text/html; charset=utf-8
https://www.blancareal.com/property/cosy-flat-near-the-centre-of-fuengirola/,Cosy Flat Near The Centre Of Fuengirola | BlancaReal,200,true,0,text/html; charset=utf-8
https://www.blancareal.com/property/charming-apartment-san-pedro/,Charming Apartment in San Pedro de Alcántara | BlancaReal,200,true,3,text/html; charset=utf-8
https://www.blancareal.com/property/apartments-for-sale-eastern-costa-del-sol-with-sea-view/,APARTMENTS FOR SALE EASTERN COSTA DEL SOL WITH SEA VIEW | BlancaReal,200,true,0,text/html; charset=utf-8
https://www.blancareal.com/property/luxury-villa-in-mijas-costa-del-sol/,"LUXURY VILLA IN MIJAS, COSTA DEL SOL | BlancaReal",200,true,0,text/html; charset=utf-8
https://www.blancareal.com/property/plot-for-sale-in-mijas-costa/,Plot of more than 16.000 m2 in Mijas Costa | BlancaReal,200,true,3,text/html; charset=utf-8
https://www.blancareal.com/real-estate-boom/,Real Estate BOOM in Costa del Sol | BlancaReal,200,true,1,text/html; charset=utf-8
https://www.blancareal.com/es/comercializacion-inmobiliaria-costa-del-sol/,Comercialización Inmobiliaria en la Costa del Sol | BlancaReal,200,true,0,text/html; charset=utf-8
https://www.blancareal.com/property/newly-built-apartments-in-el-higueron-fuengirola/,"NEWLY BUILT APARTMENTS IN EL HIGUERON, FUENGIROLA | BlancaReal",200,true,0,text/html; charset=utf-8
https://www.blancareal.com/property/townhouse-in-las-lagunas-de-mijas/,TOWNHOUSE IN LAS LAGUNAS DE MIJAS | BlancaReal,200,true,0,text/html; charset=utf-8
https://www.blancareal.com/property/exclusive-luxury-villa-san-pedro-alcantara/,Exclusive luxury villa in San Pedro de Alcántara | BlancaReal,200,true,2,text/html; charset=utf-8
https://www.blancareal.com/about-us-2/,About us | BlancaReal,200,true,0,text/html; charset=utf-8
https://www.blancareal.com/property/amazing-duplex-penthouse-fuengirola/,Amazing Duplex Penthouse with 4 Bedrooms in Fuengirola | BlancaReal,200,true,3,text/html; charset=utf-8
https://www.blancareal.com/income-tax-return-2021-who-how-and-when-to-submit-it/,"Income Tax Return 2020: who, how and when. | BlancaReal",200,true,2,text/html; charset=utf-8
https://www.blancareal.com/nl/onze-promoties/,Onze promoties | BlancaReal,200,true,0,text/html; charset=utf-8
https://www.blancareal.com/property/3-bedrooms-penthouse-las-lagunas-mijas/,3 Bedrooms Penthouse in Las Lagunas de Mijas | BlancaReal,200,true,2,text/html; charset=utf-8
https://www.blancareal.com/property/house-for-sale-mijas/,"3 VILLAS IN EL CHAPARRAL, MIJAS COSTA | BlancaReal",200,true,0,text/html; charset=utf-8
https://www.blancareal.com/rentals-2/,Villas and flats for rent in Malaga and province | BlancaReal,200,true,0,text/html; charset=utf-8
https://www.blancareal.com/property/2-and-3-bedrooms-apartments-stunning-views-benalmadena/,"2 AND 3 BEDROOMS APARTMENTS, STUNNING VIEWS BENALMADENA | BlancaReal",200,true,1,text/html; charset=utf-8
https://www.blancareal.com/property/apartment-to-rent-in-cala-de-mijas/,Apartment for 4 people in Mijas Costa | BlancaReal,200,true,0,text/html; charset=utf-8
https://www.blancareal.com/property/2-bedrooms-apartment-fuengirola/,2 Bedrooms Apartment with Stunning Views in Fuengirola | BlancaReal,200,true,0,text/html; charset=utf-8
https://www.blancareal.com/why-invest-in-andalusia/,Business incentives and other reasons to invest in Andalusia | BlancaReal,200,true,1,text/html; charset=utf-8
https://www.blancareal.com/property/piso-1a-planta-avenida-carlos-haya-malaga/,1st Floor Flat in Avenida Carlos Haya (Malaga) | BlancaReal,200,true,2,text/html; charset=utf-8
https://www.blancareal.com/advantages-sustainable-house/,6 advantages of a sustainable house | BlancaReal,200,true,2,text/html; charset=utf-8
https://www.blancareal.com/blancareal-new-sales-office-at-puerto-de-la-torre-costa-del-sol/,"BLANCAREAL NEW SALES OFFICE AT PUERTO DE LA TORRE, COSTA DEL SOL | BlancaReal",200,true,2,text/html; charset=utf-8
https://www.blancareal.com/property/an-intimate-collection-of-contemporary-sea-view-villas/,An Intimate Collection of Contemporary Sea-View Villas | BlancaReal,200,true,0,text/html; charset=utf-8
https://www.blancareal.com/property/luxury-flat-with-sea-view-in-marbella/,LUXURY FLAT WITH SEA VIEW IN MARBELLA | BlancaReal,200,true,0,text/html; charset=utf-8
https://www.blancareal.com/es/sell-your-property/,Sell Your Property | BlancaReal,200,true,0,text/html; charset=utf-8
https://www.blancareal.com/property/new-build-penthouse-los-pacos-fuengirola/,"New Build Penthouse in Los Pacos, Fuengirola | BlancaReal",200,true,1,text/html; charset=utf-8
https://www.blancareal.com/second-hand-2/,Second hand | BlancaReal,200,true,0,text/html; charset=utf-8