Páginas principales,Clics,Impresiones,CTR,Posición
https://www.blancareal.com/es/propiedad/pisos-obra-nueva-fuengirola/,1158,32079,3.61%,11.12
https://www.blancareal.com/,890,9329,9.54%,23.43
https://www.blancareal.com/es/,465,2489,18.68%,13
https://www.blancareal.com/es/propiedad/almitak-pisos-y-aticos-de-obra-nueva-mijas-costa/,451,17562,2.57%,12.49
https://www.blancareal.com/es/propiedad/pisos-en-venta-obra-nueva-fuengirola/,360,14328,2.51%,11.94
https://www.blancareal.com/es/propiedad/apartamentos-obra-nueva-benalmadena/,202,7382,2.74%,10.39
https://www.blancareal.com/who-pays-real-estate-commission-fees-in-spain/,196,48472,0.4%,8.3
https://www.blancareal.com/es/propiedad/casas-venta-fuengirola-blanca-hills/,186,13279,1.4%,22.38
https://www.blancareal.com/nl/propiedad/appartementen-te-koop-en-uitzicht-op-zee-costa-del-sol/,132,18655,0.71%,18.24
https://www.blancareal.com/es/nuestras-promociones/,115,3102,3.71%,4.06
https://www.blancareal.com/es/quien-paga-las-comisiones-de-una-agencia-inmobiliaria/,113,29434,0.38%,16.49
https://www.blancareal.com/es/quienes-somos/,100,2603,3.84%,4.43
https://www.blancareal.com/it/proprieta/case-di-nuova-costruzione-costa-del-sol-spagna/,97,3812,2.54%,17.11
https://www.blancareal.com/es/propiedad/local-100m2-la-cala-de-mijas-centro/,96,1882,5.1%,16.57
https://condesahills.blancareal.com/,96,1152,8.33%,14.17
https://www.blancareal.com/es/propiedad/apartamentos-de-nueva-construccion-en-el-higueron-fuengirola/,95,4583,2.07%,13.71
https://www.blancareal.com/es/propiedad/pisos-en-venta-123-habitaciones-vistas-al-mar-mijas/,93,6905,1.35%,16.75
https://www.blancareal.com/es/obra-nueva/,92,3075,2.99%,7.71
https://www.blancareal.com/it/tasse-comprare-casa-in-spagna/,73,6609,1.1%,15.51
https://www.blancareal.com/nl/,71,418,16.99%,22.9
https://www.blancareal.com/property/almitak-offplan-appartements-and-penthouses-mijas-costa/,70,2188,3.2%,10.19
https://www.blancareal.com/es/propiedad/nueva-casas-en-venta-en-fuengirola/,57,1782,3.2%,13.94
https://www.blancareal.com/es/propiedad/pisos-de-obra-nueva-en-cancelada-estepona/,55,1277,4.31%,15.71
https://www.blancareal.com/es/propiedad/pisos-en-mijas/,52,4977,1.04%,29.46
https://www.blancareal.com/fr/qui-paie-les-frais-de-commission-immobiliere-en-espagne/,51,3779,1.35%,9.84
https://condesahills.blancareal.com/en/,47,978,4.81%,21.16
https://www.blancareal.com/our-developments/,46,2119,2.17%,7.6
https://www.blancareal.com/it/faq/in-spagna-la-commissione-dellagenzia-immobiliare-e-inclusa-nel-prezzo-di-vendita/,40,1310,3.05%,12.63
https://condesahills.blancareal.com/es/,40,541,7.39%,7.62
https://www.blancareal.com/es/propiedad/casas-venta-mijas-costa/,38,3191,1.19%,20.53
https://www.blancareal.com/es/propiedad/local-comercial-las-terrazas-de-miraflores/,38,1936,1.96%,10.63
https://www.blancareal.com/it/,37,258,14.34%,19.45
https://www.blancareal.com/fr/,33,14540,0.23%,50.13
https://www.blancareal.com/de/eigentum/almitak-wohnungen-und-penthaeuser-neubau-costa-del-sol-spanien/,33,1485,2.22%,26.34
https://www.blancareal.com/property/off-plan-properties-for-sale-fuengirola/,32,4998,0.64%,31.07
https://www.blancareal.com/es/propiedad/villas-de-nueva-construccion-con-vistas-al-mar-en-manilva/,32,4447,0.72%,32.03
https://www.blancareal.com/nl/begrip-van-commissiekosten-en-verantwoordelijkheden-in-spanje/,32,2608,1.23%,8.23
https://www.blancareal.com/about-us/,30,1507,1.99%,8.83
https://www.blancareal.com/property/new-houses-for-sale-in-fuengirola/,30,613,4.89%,17.16
https://www.blancareal.com/property/apartments-for-sale-1-2-or-3-beds-with-sea-views-mijas/,29,5356,0.54%,31.01
https://www.blancareal.com/how-can-i-legally-rent-my-property-to-tourists-in-andalusia/,28,4245,0.66%,14.65
https://www.blancareal.com/trade-war-us-costa-del-sol-europe-international/,28,2872,0.97%,8.49
https://www.blancareal.com/fr/propriete/maisons-a-vendre-fuengirola-espagne/,26,3831,0.68%,25.43
https://www.blancareal.com/es/propiedad/exclusivas-villas-de-lujo-con-vistas-al-mar-en-mijas/,26,2799,0.93%,21.94
https://blancahills.blancareal.com/,26,2535,1.03%,9.51
https://www.blancareal.com/es/propiedad/pisos-en-mijas-3-habitaciones/,24,1480,1.62%,11.66
https://www.blancareal.com/property/houses-sale-fuengirola-blanca-hills/,24,503,4.77%,8.11
https://www.blancareal.com/es/contacto/,23,2361,0.97%,7.16
https://www.blancareal.com/es/propiedad/piso-de-3-dormitorios-en-estepona/,20,5815,0.34%,14.66
https://www.blancareal.com/es/propiedad/apartamentos-obra-nueva-benalmadena/balcones-del-pinillo/,20,77,25.97%,5.29
https://www.blancareal.com/nl/propiedad/blanca-hills-nieuwe-woningvillas-in-torreblanca-fuengirola/,19,606,3.14%,37.02
https://www.blancareal.com/legal-information-on-illegal-occupation-in-spain/,18,3720,0.48%,9.49
https://www.blancareal.com/it/stile-case-in-vendita-spagna/,17,2972,0.57%,25.26
https://www.blancareal.com/property/house-for-sale-mijas/,17,1828,0.93%,41.68
https://www.blancareal.com/nl/propiedad/almitak-offplan-appartementen-en-penthouses-mijas-costa/,17,410,4.15%,25.03
https://www.blancareal.com/nl/propiedad/nieuwbouw-appartementen-cancelada-estepona/,16,3147,0.51%,26.01
https://www.blancareal.com/es/gastos-comprar-piso-en-malaga/,16,3040,0.53%,16.94
https://www.blancareal.com/es/dorronsoro-los-arquitectos-detras-de-calahonda-sunset/,16,1093,1.46%,11.5
https://www.blancareal.com/it/proprieta/appartamento-di-lusso-con-vista-mare-a-marbella/,15,2994,0.5%,16.53
https://www.blancareal.com/de/,15,604,2.48%,43.85
https://www.blancareal.com/de/stil-immobilien-spanien/,14,1351,1.04%,23.52
https://www.blancareal.com/es/propiedad/pisos-de-obra-nueva-en-cancelada-estepona-3/,14,1046,1.34%,19.78
https://www.blancareal.com/agente/marcelo-navarro/,14,110,12.73%,17.92
https://www.blancareal.com/it/faqs/,13,2780,0.47%,14.14
https://www.blancareal.com/es/propiedad/pisos-en-venta-2-3-dormitorios-con-vistas-al-mar-cerca-de-sotogrande/,13,1492,0.87%,11.96
https://www.blancareal.com/it/proprieta/case-in-vendita-spagna-andalusia/,13,1093,1.19%,16.19
https://www.blancareal.com/property/newly-built-penthouse-apartment-in-el-higueron/,13,868,1.5%,22.13
https://www.blancareal.com/es/propiedad/pisos-nueva-construccion-el-higueron-fuengirola/,12,1320,0.91%,21.84
https://www.blancareal.com/it/riguardo-a-noi/,12,507,2.37%,16.39
https://www.blancareal.com/fr/propriete/local-commercial-la-cala-de-mijas-centro/,12,159,7.55%,9.94
https://www.blancareal.com/nl/propiedad/penthouse-met-prive-zwembad-costa-del-sol/,11,792,1.39%,22.76
https://www.blancareal.com/es/como-afectaran-los-aranceles-eeuu-mercado-inmobiliario-espana-costa-del-sol/,11,444,2.48%,15.05
https://www.blancareal.com/nl/hoe-kan-ik-mijn-woning-legaal-verhuren-aan-toeristen-in-andalusie/,10,853,1.17%,59.85
https://www.blancareal.com/nl/propiedad/luxe-nieuwbouw-villa-in-el-higueron-fuengirola-costa-del-sol/,9,3237,0.28%,20.04
https://www.blancareal.com/de/eigentum/wohnungen-zum-verkauf-mit-1-2-oder-3-schlafzimmern-und-meerblick/,9,1277,0.7%,28.64
https://www.blancareal.com/de/eigentum/neu-gebaute-wohnungen-in-cancelada-estepona-3/,9,461,1.95%,18.12
https://www.blancareal.com/property/houses-for-sale-fuengirola/,8,2750,0.29%,45.9
https://www.blancareal.com/fr/propriete/appartements-a-vendre-1-2-ou-3-chambres-avec-vue-sur-la-mer-costa-del-sol/,8,1701,0.47%,27.27
https://www.blancareal.com/es/propiedad/pisos-de-lujo-nueva-construccion-en-el-higueron/,8,1008,0.79%,34.23
https://www.blancareal.com/es/busqueda-de-inmuebles/,8,967,0.83%,5.3
https://www.blancareal.com/property/2-or-3-bedrooms-apartments-for-sale-with-sea-views-next-to-sotogrande/,8,667,1.2%,13.83
https://www.blancareal.com/es/nueva-oficina-blancareal-en-puerto-de-la-torre-malaga/,8,644,1.24%,37.64
https://www.blancareal.com/it/proprieta/appartamenti-di-nuova-costruzione-a-cancelada-estepona-3/,8,586,1.37%,17.53
https://www.blancareal.com/de/eigentum/2-schlafzimmer-penthouse-wohnung-in-el-higueron/,8,556,1.44%,15.96
https://www.blancareal.com/es/propiedad/piso-de-2-dormitorios-en-estepona/,8,443,1.81%,9.81
https://www.blancareal.com/es/propiedad/parcela-en-venta-en-mijas/,8,379,2.11%,16.83
https://www.blancareal.com/de/eigentum/neubau-wohnung-in-la-cala-golf-mijas/,8,370,2.16%,15.64
https://www.blancareal.com/nl/nieuwbouw/,8,336,2.38%,31.66
https://www.blancareal.com/fr/qui-sommes-nous/,8,336,2.38%,50.4
https://www.blancareal.com/property/semi-detached-villa-with-sea-view/,8,241,3.32%,30.11
https://www.blancareal.com/es/propiedad/piso-de-obra-nueva-en-la-cala-golf-mijas/,7,1065,0.66%,26.2
https://www.blancareal.com/fr/style-maisons-a-vendre-espagne/,7,701,1%,17.04
https://www.blancareal.com/property-search/,7,505,1.39%,6.12
https://www.blancareal.com/home/,7,358,1.96%,5.21
https://www.blancareal.com/nl/wie-we-zijn/,7,347,2.02%,12.88
https://www.blancareal.com/it/proprieta/terreno-in-nueva-andalucia-con-progetto-marbella/,7,271,2.58%,14.22
https://www.blancareal.com/nl/propiedad/condesa-hills-nieuwe-ontwikkeling-nabij-het-kasteel-van-fuengirola/,7,152,4.61%,20.49
https://www.blancareal.com/es/quienes-somos-2/,7,151,4.64%,5.11
https://www.blancareal.com/fr/propriete/nouvelle-construction-appartement-a-la-cala-golf-mijas/,7,139,5.04%,26.78
https://www.blancareal.com/es/propiedad/apartamento-alquiler-vacacional-cerca-de-la-playa-mijas-costa/,6,3535,0.17%,48.16
https://www.blancareal.com/es/propiedad/piso-de-lujo-con-vista-al-mar-en-marbella-2/,6,2983,0.2%,21.67
https://www.blancareal.com/es/que-conlleva-obtener-hoy-el-certificado-a-en-viviendas/,6,741,0.81%,47.77
https://www.blancareal.com/property/townhouse-with-sea-and-fuengirola-views-costa-del-sol/,6,738,0.81%,40.36
https://www.blancareal.com/es/inicio-3/,6,406,1.48%,5.67
https://www.blancareal.com/de/eigentum/wohnungen-zu-verkaufen-2-3-schlafzimmer-mit-blick-manilva/,6,240,2.5%,27.42
https://www.blancareal.com/de/eigentum/wohnung-kaufen-rincon-de-la-victoria/,6,210,2.86%,39.68
https://condesahills.blancareal.com/wp-content/uploads/2024/09/plano-condesa-hills-tipo-2.pdf,6,104,5.77%,7.88
https://www.blancareal.com/es/5-reasons-invest-costa-del-sol-given-instability-middle-east/,6,65,9.23%,3.97
https://www.blancareal.com/property/penthouses-with-sea-views-in-estepona/,5,3692,0.14%,39.94
https://www.blancareal.com/property/plot-in-nueva-andalucia-with-project-marbella/,5,3191,0.16%,46.1
https://www.blancareal.com/es/propiedad/pisos-en-venta-fuengirola/,5,1787,0.28%,46.62
https://www.blancareal.com/es/propiedad/casa-en-venta-en-marbella/,5,1032,0.48%,22.68
https://www.blancareal.com/de/wie-kann-ich-meine-immobilie-legal-an-touristen-in-andalusien-vermieten/,5,427,1.17%,9.98
https://www.blancareal.com/nl/over-ons/,5,276,1.81%,14.41
https://www.blancareal.com/agente/blanca-real/,5,265,1.89%,7.23
https://www.blancareal.com/fr/propriete/appartements-2-ou-3-chambres-avec-vue-mer-manilva/,5,250,2%,24.82
https://www.blancareal.com/es/propiedad/terreno-en-venta-mijas/,5,247,2.02%,13.38
https://www.blancareal.com/de/eigentum/neubau-penthouse-in-el-higueron/,5,212,2.36%,11.34
https://www.blancareal.com/it/proprieta/casa-a-schiera-con-vista-panoramica-e-terrazza-a-malaga-centro/,5,209,2.39%,13.2
https://www.blancareal.com/fr/inicio/,5,144,3.47%,28.99
https://www.blancareal.com/property/local-comercial-las-terrazas-de-miraflores/,5,125,4%,24.41
https://www.blancareal.com/es/ubicacion-ubicacion/manilva/,5,110,4.55%,8.66
https://www.blancareal.com/property/penthouse-with-private-pool-for-sale-in-estepona/,4,2081,0.19%,47.46
https://www.blancareal.com/es/propiedad/pisos-obra-nueva-estepona-costa-del-sol/,4,2038,0.2%,35
https://www.blancareal.com/contacto,4,1877,0.21%,15.87
https://www.blancareal.com/property/villa-for-sale-in-marbella/,4,1863,0.21%,37.07
https://www.blancareal.com/nl/propiedad/nieuwbouwappartementen-in-fuengirola-costa-del-sol/,4,1065,0.38%,29.63
https://www.blancareal.com/es/propiedad/pisos-de-lujo-con-vistas-al-mar-en-ojen/,4,1024,0.39%,26.17
https://www.blancareal.com/contact/,4,856,0.47%,22.15
https://www.blancareal.com/it/come-affittare-legalmente-la-propria-casa-ai-turisti-in-andalusia/,4,311,1.29%,7.66
https://www.blancareal.com/property/2-3-bedroom-apartments-sea-views-sotogrande/,4,265,1.51%,7.51
https://www.blancareal.com/es/blancareal-y-resimo-experiencia-inmobiliaria-innovadora-en-costa-del-sol/,4,238,1.68%,14.38
https://www.blancareal.com/it/dazi-eeuu-mercato-immobiliare-spagna-e-costa-del-sol/,4,221,1.81%,17.55
https://www.blancareal.com/fr/louer-logement-touristique-andalousie/,4,178,2.25%,8.95
https://www.blancareal.com/es/propiedad/apartamentos-en-fuengirola/,4,178,2.25%,21.85
https://www.blancareal.com/de/eigentum/haus-kaufen-nagueles-marbella/,4,127,3.15%,42.25
https://www.blancareal.com/es/propiedad/pisos-de-obra-nueva-en-cancelada-estepona-2/,4,86,4.65%,18.08
https://www.blancareal.com/es/comercializacion-inmobiliaria-costa-del-sol/,4,75,5.33%,13.79
https://condesahills.blancareal.com/de/,4,56,7.14%,17.8
https://www.blancareal.com/property/apartments-for-sale-eastern-costa-del-sol-with-sea-view/,3,2150,0.14%,24.88
https://www.blancareal.com/de/eigentum/luxuswohnungen-mit-meerblick-in-costa-del-sol/,3,1056,0.28%,36.64
https://www.blancareal.com/es/villas-de-lujo/,3,851,0.35%,18.68
https://www.blancareal.com/es/propiedad/aticos-de-lujo-de-nueva-construccion-en-el-higueron-fuengirola/,3,793,0.38%,57.13
https://www.blancareal.com/es/alquileres/,3,750,0.4%,74.72
https://www.blancareal.com/es/propiedad/pisos-2-y-3-habitaciones-impresionantes-vistas-benalmadena/,3,571,0.53%,18.76
https://www.blancareal.com/es/alquilar-mi-vivienda-para-turistas/,3,441,0.68%,18.94
https://www.blancareal.com/de/inicio/,3,376,0.8%,38.56
https://www.blancareal.com/fr/propriete/appartements-neufs-a-cancelada-estepona-2/,3,345,0.87%,25.6
https://www.blancareal.com/de/eigentum/haus-kaufen-marbella-palo-alto/,3,322,0.93%,22.73
https://www.blancareal.com/es/propiedad/chalet-adosado-con-vista-al-mar/,3,321,0.93%,26.95
https://www.blancareal.com/property/luxury-villa-at-the-heart-of-conde-de-urena/,3,263,1.14%,33.37
https://www.blancareal.com/es/propiedad/parcela-en-nueva-andalucia-con-proyecto-villa-dione/,3,262,1.15%,63.98
https://www.blancareal.com/dorronsoro-architeture-firm-behind-calahonda-sunset/,3,241,1.24%,10.43
https://www.blancareal.com/fr/propriete/maisons-nouvelle-construction-le-higueron-fuengirola/,3,220,1.36%,47.64
https://www.blancareal.com/faqs/,3,196,1.53%,5.38
https://www.blancareal.com/it/inizio/,3,191,1.57%,19.08
https://www.blancareal.com/es/estilo-minimalista-casas-malaga/,3,182,1.65%,36.33
https://www.blancareal.com/property/sea-view-penthouse-arenal-golf-double-parking-storage/,3,105,2.86%,10.1
https://www.blancareal.com/fr/propriete/penthouse-avec-piscine-privee-a-vendre-a-estepona/,3,104,2.88%,26.34
https://www.blancareal.com/fr/propriete/penthouses-nouveaux-a-vendre-malaga/,3,96,3.12%,30.88
https://www.blancareal.com/es/propiedad/villa-de-lujo-en-conde-de-urena/,3,88,3.41%,24.15
https://www.blancareal.com/it/dorronsoro-studio-di-architettura-dietro-calahonda-sunset/,3,87,3.45%,12.89
https://www.blancareal.com/de/ueber-uns/,3,84,3.57%,33.12
https://www.blancareal.com/de/eigentum/luxurioese-neubauwohnung-in-el-higueron/,3,68,4.41%,18.96
https://condesahills.blancareal.com/wp-content/uploads/2024/09/plano-condesa-hills-tipo-5.pdf,3,64,4.69%,6.62
https://www.blancareal.com/property/apartment-to-rent-mijas-costa/,3,56,5.36%,23.12
https://www.blancareal.com/es,3,35,8.57%,23.43
https://www.blancareal.com/es/propiedad/solar-urbano-en-venta-torrox-malaga/,2,2950,0.07%,19.95
https://www.blancareal.com/property/new-development-apartments-estepona-costa-del-sol/,2,2280,0.09%,64.09
https://www.blancareal.com/property/newly-built-apartments-fuengirola-costa-del-sol/,2,1848,0.11%,60.59
https://www.blancareal.com/es/porque-comprar-casa-con-agencia/,2,1671,0.12%,39.71
https://www.blancareal.com/property/newly-built-apartments-in-el-higueron-fuengirola/,2,1113,0.18%,40.8
https://www.blancareal.com/nl/propiedad/off-plan-eigendommen-te-koop-fuengirola-spanje/,2,906,0.22%,36.59
https://www.blancareal.com/property/beachfront-villa-in-costa-del-sol-for-rent/,2,747,0.27%,57.97
https://www.blancareal.com/it/perche-comprare-casa-in-spagna-con-agenzia/,2,713,0.28%,29.57
https://www.blancareal.com/es/propiedad/espectacular-villa-en-calahonda/,2,684,0.29%,43.92
https://www.blancareal.com/de/steuern-haus-kaufen-spanien/,2,640,0.31%,65.58
https://www.blancareal.com/5-reasons-invest-costa-del-sol-given-instability-middle-east/,2,466,0.43%,4.09
https://www.blancareal.com/es/propiedad/discreta-villa-en-cala-de-mijas/,2,428,0.47%,59.31
https://condesahills.blancareal.com/es/galeria/,2,377,0.53%,7.28
https://www.blancareal.com/es/propiedad/atico-3-o-4-dormitorios-estepona-cerca-de-la-playa/,2,341,0.59%,41.38
https://www.blancareal.com/es/propiedad/finca-rustica-lujo-venta-estepona/,2,301,0.66%,23.03
https://www.blancareal.com/es/propiedad/adosada-3-habitaciones-vistas-panoramicas-y-azotea-malaga-centro/,2,299,0.67%,31.97
https://www.blancareal.com/es/propiedad/casa-en-venta-en-mijas-costa/,2,279,0.72%,27.08
https://www.blancareal.com/why-invest-in-andalusia/,2,230,0.87%,22.22
https://www.blancareal.com/es/propiedad/adosado-con-vistas-a-costa-de-fuengirola-costa-del-sol/,2,220,0.91%,29.24
https://www.blancareal.com/property/3b-apartment-with-sea-views-estepona/,2,206,0.97%,31.87
https://www.blancareal.com/it/proprieta/local-100m2-la-cala-de-mijas-centro/,2,172,1.16%,17.58
https://www.blancareal.com/it/proprieta/appartamenti-in-vendita-12-o-3-camere-con-vista-mare-costa-del-sol/,2,167,1.2%,30.44
https://www.blancareal.com/it/proprieta/ville-vendita-marbella/,2,154,1.3%,15.14
https://condesahills.blancareal.com/wp-content/uploads/2024/09/Plano-condesa-hills-tipo-3P.pdf,2,143,1.4%,10.44
https://www.blancareal.com/nl/propiedad/wohnungen-mit-2-oder-3-schlafzimmern-zum-verkauf-mit-meerblick-neben-sotogrande/,2,141,1.42%,8.44
https://condesahills.blancareal.com/fr/,2,128,1.56%,17.27
https://www.blancareal.com/de/dorronsoro-architekturbirma-hinter-calahonda-sunset/,2,109,1.83%,25.61
https://www.blancareal.com/blancareal-new-sales-office-at-puerto-de-la-torre-costa-del-sol/,2,108,1.85%,28.94
https://www.blancareal.com/it/proprieta/attico-di-nuova-costruzione-con-2-camere-da-letto-a-el-higueron/,2,101,1.98%,26.16
https://www.blancareal.com/it/faq/chi-paga-le-spese-di-una-compravendita-in-spagna/,2,97,2.06%,9.58
https://www.blancareal.com/es/agente/eva-valero/,2,95,2.11%,39.66
https://www.blancareal.com/es/propiedad/sea-view-penthouse-arenal-golf-double-parking-storage/,2,75,2.67%,14.12
https://www.blancareal.com/it/proprieta/case-in-vendita-in-spagna-andalusia/,2,65,3.08%,40.29
https://www.blancareal.com/de/eigentum/grundstueck-in-nueva-andalucia-mit-projekt-marbella/,2,64,3.12%,15.56
https://www.blancareal.com/property/commercial-property-la-cala-de-mijas-centre/,2,59,3.39%,41.97
https://www.blancareal.com/it/proprieta/appartamento-vendita-rincon-de-la-victoria/,2,51,3.92%,31.29
https://www.blancareal.com/property/amazing-duplex-penthouse-fuengirola/,2,44,4.55%,19.39
https://www.blancareal.com/nl/thuis/,2,39,5.13%,27.44
https://www.blancareal.com/category/real-estate-news/,2,33,6.06%,6.36
https://www.blancareal.com/es/prestacion-propiedad/obra-nueva/,2,30,6.67%,17.5
https://www.blancareal.com/es/propiedad/adosado-en-las-lagunas-de-mijas/,2,30,6.67%,38.03
https://www.blancareal.com/nl/agente/eva-valero/,2,26,7.69%,56.35
https://www.blancareal.com/it/proprieta/appartamento-di-nuova-costruzione-a-la-cala-golf-mijas/,2,24,8.33%,8.54
https://www.blancareal.com/it/ubicacion-ubicacion/manilva-it/,2,10,20%,6
https://www.blancareal.com/de/eigentum/luxus-landhaus-kaufen-estepona/,1,1959,0.05%,42.12
https://www.blancareal.com/fr/propriete/maisons-vente-fuengirola-blanca-hills/,1,986,0.1%,43.26
https://www.blancareal.com/es/propiedad/piso-alquiler-vacacional-mijas-costa/,1,931,0.11%,72.3
https://www.blancareal.com/es/propiedad/villa-de-lujo-eco-sostenible-en-mijas/,1,675,0.15%,23.7
https://www.blancareal.com/blog/,1,600,0.17%,10.4
https://www.blancareal.com/it/proprieta/case-in-vendita-a-marbella/,1,567,0.18%,34.71
https://www.blancareal.com/it/proprieta/esclusivo-progetto-di-ville-di-lusso-con-vista-sul-mare-a-costa-del-sol/,1,473,0.21%,28.62
https://www.blancareal.com/property/new-construction-villas-with-sea-views-in-manilva/,1,464,0.22%,44.91
https://www.blancareal.com/de/eigentum/hauser-verkauf-fuengirola-blanca-hills/,1,461,0.22%,20.09
https://www.blancareal.com/fr/propriete/appartements-a-vendre-fuengirola-espagne/,1,460,0.22%,29.53
https://www.blancareal.com/property/plot-with-luxury-villa-project-close-to-marbella/,1,334,0.3%,31.69
https://www.blancareal.com/fr/propriete/appartements-de-2-et-3-chambres-vue-imprenable-benalmadena/,1,328,0.3%,36.05
https://www.blancareal.com/property/luxury-apartments-with-sea-views-in-ojen/,1,299,0.33%,51.12
https://www.blancareal.com/fr/propriete/appartements-a-benahavis-marbella/,1,299,0.33%,51.26
https://www.blancareal.com/property/2-and-3-bedrooms-apartments-stunning-views-benalmadena/,1,278,0.36%,46.02
https://www.blancareal.com/es/propiedad/piso-de-lujo-con-vista-al-mar-en-marbella/,1,228,0.44%,36.67
https://www.blancareal.com/de/eigentum/haus-spanien-kaufen/,1,226,0.44%,46.4
https://www.blancareal.com/rentals/,1,223,0.45%,50
https://www.blancareal.com/property/majestic-villas-with-sea-views-in-mijas-costa-del-sol/,1,221,0.45%,45.36
https://www.blancareal.com/faq/who-pays-for-the-fees-in-a-buying-process-in-spain/,1,219,0.46%,62.99
https://www.blancareal.com/property/new-build-flats-in-cancelada-estepona-2/,1,191,0.52%,42.02
https://www.blancareal.com/it/proprieta/immobili-in-vendita-spagna-mijas/,1,184,0.54%,16.34
https://www.blancareal.com/es/propiedad/chalet-independiente-en-cabopino-marbella/,1,182,0.55%,30.01
https://www.blancareal.com/es/propiedad/piso-venta-rincon-de-la-victoria/,1,173,0.58%,24.45
https://www.blancareal.com/nl/propiedad/luxe-appartement-met-zeezicht-in-marbella/,1,173,0.58%,54.8
https://www.blancareal.com/we-sell-your-home-professional-mediation-with-in-house-legal-services-and-marketing/,1,166,0.6%,10.71
https://www.blancareal.com/de/eigentum/3-zimmer-wohnung-mit-meerblick-in-estepona-costa-del-sol/,1,163,0.61%,30.21
https://www.blancareal.com/nl/propiedad/penthouses-met-zeezicht-in-estepona-costa-del-sol/,1,161,0.62%,50.19
https://www.blancareal.com/property/newly-built-appartments-fuengirola-costa-del-sol/,1,159,0.63%,17.55
https://www.blancareal.com/de/eigentum/villa-manilva-mit-meerblick/,1,157,0.64%,19.76
https://www.blancareal.com/property/apartments-for-sale-mijas-costa/,1,155,0.65%,67.77
https://www.blancareal.com/fr/propriete/beachfront-villa-in-cala-de-mijas/,1,151,0.66%,35.81
https://www.blancareal.com/fr/accueil/,1,150,0.67%,34.56
https://www.blancareal.com/fr/propriete/appartements-neufs-a-el-higueron-fuengirola/,1,149,0.67%,63.88
https://www.blancareal.com/nl/luxe-villas/,1,145,0.69%,34.36
https://www.blancareal.com/fr/questions-frequentes/,1,144,0.69%,18.44
https://www.blancareal.com/property/luxury-countryside-villa-sale-estepona/,1,144,0.69%,24.22
https://www.blancareal.com/es/propiedad/aticos-con-vistas-al-mar-en-estepona/,1,143,0.7%,31.57
https://www.blancareal.com/de/haeufig-gestellte-fragen/,1,142,0.7%,30.31
https://www.blancareal.com/es/propiedad/pisos-3-dormitorios-obra-nueva-el-higueron/,1,141,0.71%,22.26
https://www.blancareal.com/es/servicios/,1,138,0.72%,11.21
https://condesahills.blancareal.com/wp-content/uploads/2021/02/planos-condesa-hills-español-2.pdf,1,120,0.83%,4.92
https://www.blancareal.com/de/eigentum/luxuswohnung-mit-meerblick-in-marbella/,1,113,0.88%,29.27
https://www.blancareal.com/es/propiedad/apartamentos-obra-nueva-benalmadena/obra-nueva-en-benalmadena-balcones-del-pinillo/,1,111,0.9%,14.32
https://www.blancareal.com/fr/pourquoi-acheter-maison-en-espagne-avec-agence/,1,111,0.9%,64.49
https://www.blancareal.com/de/eigentum/spektakulaere-villa-in-calahonda/,1,101,0.99%,13.16
https://www.blancareal.com/es/category/obra-nueva/,1,99,1.01%,26.35
https://www.blancareal.com/fr/propriete/maison-a-vendre-a-marbella/,1,93,1.08%,28.74
https://www.blancareal.com/style-properties-costa-del-sol/,1,80,1.25%,16.49
https://www.blancareal.com/es/propiedad/apartamento-de-lujo-de-nueva-construccion-en-el-higueron/,1,77,1.3%,50.29
https://www.blancareal.com/fr/propriete/maison-campagne-luxe-vendre-estepona/,1,75,1.33%,17.29
https://www.blancareal.com/es/ubicacion-ubicacion/malaga-provincia/,1,75,1.33%,19.43
https://www.blancareal.com/es/propiedad/,1,73,1.37%,12.47
https://www.blancareal.com/es/propiedad/piso-de-obra-nueva-en-el-centro-de-estepona/,1,72,1.39%,19.35
https://www.blancareal.com/property/flats-in-fuengirola/,1,71,1.41%,60.08
https://www.blancareal.com/es/propiedad/pisos-con-vistas-al-mar-en-torrox/,1,63,1.59%,7.41
https://www.blancareal.com/es/propiedad/villa-las-chapas-marbella-con-vistas-al-mar/,1,62,1.61%,15.66
https://www.blancareal.com/de/eigentum/3-zimmer-wohnung-in-marbella/,1,62,1.61%,23.08
https://www.blancareal.com/es/propiedad/apartamentos-en-benahavis-marbella/,1,61,1.64%,59.64
https://www.blancareal.com/it/proprieta/appartamenti-con-vista-mare-a-estepona-costa-del-sol/,1,59,1.69%,51.1
https://www.blancareal.com/es/nueva-colaboracion-para-obra-nueva/,1,57,1.75%,17.3
https://www.blancareal.com/es/propiedad/piso-3-dormitorios-con-vistas-al-mar-estepona/,1,54,1.85%,19.44
https://www.blancareal.com/de/eigentum/wohnung-mieten-mijas-costa/,1,50,2%,21.32
https://www.blancareal.com/fr/propriete/terrain-a-vendre-avec-3-villas-el-chaparral-costa-del-sol/,1,49,2.04%,26.96
https://www.blancareal.com/fr/recherche-de-propriete/,1,46,2.17%,16
https://www.blancareal.com/ubicacion-ubicacion/benalmadena-en/,1,45,2.22%,41.16
https://www.blancareal.com/fr/propriete/appartements-a-vendre-costa-del-sol/,1,42,2.38%,46.33
https://www.blancareal.com/property/eco-sustainable-luxury-villa-in-mijas/,1,31,3.23%,53.68
https://www.blancareal.com/prestacion-propiedad/our-developments/,1,30,3.33%,19.37
https://www.blancareal.com/es/propiedad/piso-de-nueva-construccion-en-puerto-banus/,1,30,3.33%,47.8
https://www.blancareal.com/es/propiedad/new-build-property-los-pacos-fuengirola/,1,29,3.45%,9.79
https://www.blancareal.com/it/contatto/,1,27,3.7%,11.19
https://www.blancareal.com/es/el-precio-de-la-eficiencia-energetica-una-comparativa-desde-ahorro-en-luz-hasta-sostenibilidad/,1,27,3.7%,45.67
https://www.blancareal.com/de/eigentum/neubauwohnungen-in-el-higueron-fuengirola/,1,24,4.17%,18.33
https://www.blancareal.com/de/eigentum/oekologisch-nachhaltige-luxusvilla-in-mijas/,1,21,4.76%,18.05
https://www.blancareal.com/de/eigentum/stadtgrundstueck-zum-verkauf-torrox-malaga/,1,14,7.14%,48.57
https://www.blancareal.com/nl/propiedad/beachfront-villa-in-cala-de-mijas/,1,13,7.69%,28.92
https://www.blancareal.com/property/townhouse-in-las-lagunas-de-mijas/,1,12,8.33%,18.08
https://www.blancareal.com/it/proprieta/ville-nuova-costruzione-manilva/,1,11,9.09%,4.27
https://www.blancareal.com/es/propiedad/3-bedrooms-penthouse-las-lagunas-mijas/,1,11,9.09%,12
https://www.blancareal.com/de/eigentum/neu-gebaute-wohnungen-in-el-higueron-fuengirola/,1,10,10%,33
https://www.blancareal.com/it/proprieta/appartamenti-a-benahavis-marbella/,1,9,11.11%,16.22
https://www.blancareal.com/it/proprieta/appartamenti-in-vendita-2-o-3-camere-da-letto-con-vista-sul-mare-manilva/,1,8,12.5%,8.25
https://www.blancareal.com/es/ubicacion-ubicacion/marbella/page/2/,1,7,14.29%,44.86
https://www.blancareal.com/it/proprieta/appartamenti-di-nuova-costruzione-a-cancelada-estepona-2/,1,6,16.67%,8.83
https://www.blancareal.com/es/prestacion-propiedad/obra-nueva/page/5/,1,5,20%,15.2
https://www.blancareal.com/property/new-build-penthouse-los-pacos-fuengirola/,1,4,25%,5
https://www.blancareal.com/fr/propriete/new-build-property-los-pacos-fuengirola/,1,4,25%,9.75
https://www.blancareal.com/es/ubicacion-ubicacion/cadiz/?view=list,1,2,50%,1
https://www.blancareal.com/es/ubicacion-ubicacion/benalmadena/,1,1,100%,2
https://www.blancareal.com/nl/propiedad/penthouse-meerblick-arenal-golf-doppelparkplatz-abstellraum/,1,1,100%,2
https://www.blancareal.com/property/spectacular-villa-for-sale-in-calahonda-costa-del-sol/,0,1359,0%,66.51
https://www.blancareal.com/es/propiedad/casa-en-venta-en-nagueles-marbella/,0,1130,0%,74.18
https://www.blancareal.com/nl/propiedad/nieuwbouw-penthouse-appartement-in-fuengirola-costa-del-sol/,0,1014,0%,35.55
https://www.blancareal.com/es/blog/,0,881,0%,21.07
https://www.blancareal.com/es/propiedad/parcela-en-nueva-andalucia-con-proyecto-villa-eudora/,0,583,0%,32.59
https://www.blancareal.com/blancareal-and-resimo-innovative-real-estate-experience-on-the-costa-del-sol/,0,521,0%,28.62
https://www.blancareal.com/it/proprieta/appartamenti-di-lusso-nuova-costruzione-sulla-costa-del-sol/,0,520,0%,27.69
https://www.blancareal.com/property/luxury-flat-with-sea-view-in-marbella-2/,0,511,0%,51.29
https://www.blancareal.com/de/eigentum/exklusives-luxusvillenprojekt-mit-meerblick-in-costa-del-sol/,0,503,0%,39.68
https://www.blancareal.com/it/ville-di-lusso/,0,498,0%,36.96
https://www.blancareal.com/fr/impots-achat-maison-en-espagne/,0,455,0%,85.9
https://www.blancareal.com/it/proprieta/appartamento-di-lusso-con-vista-mare-a-marbella-2/,0,417,0%,29.68
https://www.blancareal.com/property/houses-for-sale-marbella/,0,336,0%,50
https://www.blancareal.com/advantages-sustainable-house/,0,335,0%,58.97
https://www.blancareal.com/nl/propiedad/nieuwbouwappartementen-fuengirola-costa-del-sol/,0,327,0%,58.7
https://www.blancareal.com/property/exclusive-luxury-villas-project-with-sea-views-in-mijas/,0,313,0%,50.92
https://www.blancareal.com/it/proprieta/casa-in-vendita-a-nagueles-marbella/,0,312,0%,36.15
https://www.blancareal.com/services/,0,297,0%,5.28
https://www.blancareal.com/property/newly-built-3-bedrooms-apartments-fuengirola-costa-del-sol/,0,296,0%,57.2
https://www.blancareal.com/it/proprieta/nuove-case-vendita-fuengirola-blanca-hills/,0,292,0%,23.96
https://www.blancareal.com/fr/faq/quels-sont-les-impots-a-payer-lors-de-la-vente-dun-bien-immobilier-en-espagne/,0,292,0%,85.01
https://www.blancareal.com/fr/propriete/villa-a-manilva-avec-vue-sur-la-mer/,0,286,0%,44.27
https://www.blancareal.com/es/category/real-estate/,0,278,0%,10.12
https://www.blancareal.com/property/staylish-villa-with-sea-views-marbella-east/,0,278,0%,64.85
https://www.blancareal.com/property/apartment-sale-rincon-de-la-victoria/,0,271,0%,67.14
https://www.blancareal.com/it/blanca-real-continua-a-sostenere-malaga-expo-2027/,0,268,0%,9.04
https://www.blancareal.com/it/proprieta/appartamenti-di-nuova-costruzione-con-vista-mare-a-benalmadena-pueblo-malaga-spagna-2/,0,235,0%,42.83
https://www.blancareal.com/property/wonderful-indipendent-detached-villa-in-cabopino-marbella/,0,234,0%,62.38
https://www.blancareal.com/es/declaracion-de-la-renta-2021-cuando-y-como-hacerla/,0,229,0%,55.34
https://www.blancareal.com/category/new-develpments/,0,220,0%,11.65
https://www.blancareal.com/nl/propiedad/3-slaapkmeraappartementen-appartement-met-zeezicht-in-costa-del-sol/,0,220,0%,51.39
https://www.blancareal.com/luxury-villas/,0,216,0%,12.16
https://www.blancareal.com/nl/propiedad/luxus-apartments-mit-meerblick-an-der-costa-del-sol/,0,215,0%,44
https://www.blancareal.com/taxes-pay-costa-del-sol-property/,0,200,0%,25.66
https://www.blancareal.com/property/luxury-villa-in-mijas-costa-del-sol/,0,185,0%,61.49
https://www.blancareal.com/es/porque-invertir-en-andalucia-en-2020/,0,184,0%,56.67
https://www.blancareal.com/property/flats-in-benahavis-marbella/,0,181,0%,48.43
https://www.blancareal.com/property/new-construction-luxury-villa-with-swimming-pool-in-el-higueron-fuengirola/,0,168,0%,36.29
https://www.blancareal.com/it/inicio/,0,167,0%,27.52
https://www.blancareal.com/es/segunda-mano/,0,160,0%,17
https://www.blancareal.com/new-construction/,0,157,0%,6.52
https://www.blancareal.com/it/proprieta/appartamenti-nuova-costruzione-costa-del-sol/,0,154,0%,45.88
https://www.blancareal.com/es/category/partner/,0,151,0%,12.7
https://www.blancareal.com/faq/is-the-real-estate-agency-commission-included-in-the-sales-price-in-spain/,0,148,0%,20.01
https://www.blancareal.com/faq/what-are-the-costs-and-taxes-of-buying-a-property-in-spain/,0,148,0%,83.64
https://www.blancareal.com/new-partner-for-new-develpments-in-costa-del-sol/,0,144,0%,12.6
https://www.blancareal.com/es/propiedad/atico-3-hab-obra-nueva-el-higueron-fuengirola/,0,143,0%,9.69
https://www.blancareal.com/de/eeuu-zoelle-immobilienmarkt-spanien-costa-del-sol-beeinflussen/,0,142,0%,37.43
https://www.condesahills.blancareal.com/,0,138,0%,3.75
https://www.blancareal.com/nl/tweedehands-2/,0,137,0%,9.59
https://www.blancareal.com/es/propiedad/atico-de-nueva-construccion-en-el-higueron/,0,132,0%,18.98
https://www.blancareal.com/fr/propriete/villa-individuelle-a-cabopino-marbella/,0,131,0%,42.92
https://www.blancareal.com/de/faq/darf-ich-als-auslaender-um-eine-hypothek-fragen/,0,128,0%,32.46
https://www.blancareal.com/fr/propriete/villa-independent-a-calahonda-costa-del-sol/,0,125,0%,38.37
https://www.blancareal.com/de/luxusvillen/,0,123,0%,43.85
https://www.blancareal.com/it/proprieta/appartamento-3-camere-a-marbella/,0,122,0%,79.55
https://condesahills.blancareal.com/wp-content/uploads/2020/11/planos-condesa-hills-español.pdf,0,118,0%,3.45
https://www.blancareal.com/property/houses-for-sale-mijas/,0,118,0%,60.5
https://www.blancareal.com/fr/propriete/villas-a-vendre-espagne/,0,115,0%,38.89
https://www.blancareal.com/income-tax-return-2021-who-how-and-when-to-submit-it/,0,112,0%,24.58
https://www.blancareal.com/nl/propiedad/prachtige-vrijstaande-villa-in-cabopino-marbella/,0,110,0%,17.91
https://www.blancareal.com/fr/notre-equipe/,0,108,0%,12.75
https://www.blancareal.com/nl/tarieveneeuu-vastgoedmarkt-spanje-costa-del-sol-beinvloeden/,0,106,0%,25.85
https://www.blancareal.com/de/eigentum/wohnungen-neubau-fuengirola-costa-del-sol/,0,105,0%,32.52
https://www.blancareal.com/es/propiedad/piso-de-obra-nueva-en-el-centro-de-estepona-2/,0,102,0%,21.57
https://www.blancareal.com/blanca-real-continues-to-support-malaga-expo-2027/,0,100,0%,14.71
https://www.blancareal.com/it/faq/quali-sono-i-costi-e-le-tasse-per-lacquisto-di-un-immobile-in-spagna/,0,100,0%,25.6
https://www.blancareal.com/es/preguntas-frecuentes/,0,100,0%,28.67
https://www.blancareal.com/property/properties-for-sale-in-mijas-costa/,0,100,0%,61.58
https://www.blancareal.com/second-hand/,0,96,0%,17.15
https://condesahills.blancareal.com/es/proceso-de-compra/,0,94,0%,12.36
https://www.blancareal.com/fr/propriete/appartement-en-location-de-vacances-pres-de-la-plage-costa-del-sol/,0,92,0%,17.53
https://www.blancareal.com/es/propiedad/casas-adosadas-en-mijas-con-vistas-panoramicas/,0,92,0%,39.9
https://www.blancareal.com/de/eigentum/,0,91,0%,62.99
https://www.blancareal.com/property/3-bedroom-semi-detached-panoramic-views-and-roof-terrace-malaga-centre/,0,90,0%,30.09
https://www.blancareal.com/property/new-build-property-los-pacos-fuengirola/,0,86,0%,10.59
https://www.blancareal.com/category/partners/,0,86,0%,12.53
https://www.blancareal.com/nl/propiedad/appartement-met-2-slaapkamers-estepona-costa-del-sol/,0,86,0%,59.29
https://www.blancareal.com/de/warum-haus-in-spanien-kaufen-mit-immobilienagentur/,0,84,0%,48.86
https://www.blancareal.com/it/proprieta/accogliente-appartamento-vicino-al-centro-di-fuengirola/,0,84,0%,84.88
https://www.blancareal.com/it/proprieta/terreno-con-progetto-di-villa-di-lusso-vicino-a-marbella/,0,83,0%,21.54
https://www.blancareal.com/fr/faq/la-commission-de-lagence-immobiliere-est-elle-incluse-dans-le-prix-de-vente-en-espagne/,0,83,0%,67.55
https://www.blancareal.com/fr/propriete/appartement-de-luxe-avec-vue-sur-la-mer-a-marbella/,0,82,0%,25.59
https://www.blancareal.com/why-buy-house-malaga-with-agency/,0,79,0%,33.1
https://www.blancareal.com/nl/dorronsoro-arquitechture-firm-achter-calahonda-zonsondergang/,0,78,0%,23.45
https://www.blancareal.com/de/eigentum/neue-hauser-kaufen-in-fuengirola/,0,77,0%,29.71
https://www.blancareal.com/es/propiedad/casas-en-venta-en-mijas-costa/,0,76,0%,56.92
https://www.blancareal.com/property/urban-plot-for-sale-torrox-malaga/,0,74,0%,22.05
https://www.blancareal.com/de/blancareal-setzt-sich-weiterhin-fuer-malaga-expo-2027-ein/,0,73,0%,9.89
https://www.blancareal.com/it/proprieta/case-in-vendita-spagna-mijas/,0,72,0%,22.21
https://www.blancareal.com/fr/propriete/acheter-une-maison-en-espagne/,0,72,0%,46.69
https://www.blancareal.com/de/eigentum/luxury-villa-nueva-andalucia-marbella/,0,70,0%,10.41
https://www.blancareal.com/it/proprieta/villa-di-fronte-al-mare-a-cala-de-mijas/,0,70,0%,43.26
https://www.blancareal.com/de/eigentum/luxuswohnung-mit-meerblick-in-marbella-2/,0,69,0%,54.36
https://www.blancareal.com/it/proprieta/appartamenti-2-e-3-camere-da-letto-vista-mozzafiato-benalmadena/,0,68,0%,33.53
https://www.blancareal.com/it/proprieta/comprare-casa-espagna-fuengirola-costa-del-sol/,0,67,0%,25.37
https://www.blancareal.com/fr/contact/,0,66,0%,25.61
https://www.blancareal.com/fr/nouveau-bureau-blancareal-a-malaga-costa-del-sol/,0,63,0%,52.27
https://www.blancareal.com/nl/propiedad/nieuwbouwappartementen-in-fuengirola-costa-del-sol-2/,0,63,0%,52.76
https://www.blancareal.com/de/eigentum/neu-gebaute-wohnungen-mit-meerblick-in-benalmadena-pueblo-malaga-spanien-2/,0,63,0%,56.22
https://www.blancareal.com/fr/comment-les-droits-de-douane-de-trump-affecteront-ils-le-marche-immobilier-en-espagne-et-sur-la-costa-del-sol/,0,62,0%,25.61
https://www.blancareal.com/property/newly-built-apartments-in-benalmadena/obra-nueva-en-benalmadena-balcones-del-pinillo/,0,61,0%,8.97
https://www.blancareal.com/fr/propriete/villa-de-luxe-de-nouvelle-construction-a-costa-del-sol-2/,0,61,0%,31.15
https://www.blancareal.com/de/faq/wer-bezahlt-die-gebuehren-bei-einem-kaufvorgang-in-spanien/,0,59,0%,56.29
https://www.blancareal.com/nl/propiedad/luxury-villa-nueva-andalucia-marbella/,0,58,0%,12.67
https://www.blancareal.com/es/real-estate-boom/,0,58,0%,58.17
https://www.blancareal.com/property/newly-built-flat-in-the-centre-of-estepona/,0,58,0%,69.24
https://www.blancareal.com/it/faq/quali-sono-le-tasse-quando-si-affitta/,0,57,0%,7.3
https://www.blancareal.com/it/proprieta/villa-di-lusso-in-malaga/,0,56,0%,19.48
https://www.blancareal.com/it/proprieta/appartamento-di-nuova-costruzione-nel-centro-di-estepona/,0,55,0%,33.69
https://www.blancareal.com/fr/propriete/maison-a-vendre-a-nagueles-marbella/,0,55,0%,34.35
https://www.blancareal.com/property/house-for-sale-in-nagueles-marbella/,0,55,0%,48.56
https://www.blancareal.com/es/propiedad/pisos-venta-mijas/,0,55,0%,51.87
https://www.blancareal.com/es/faq/cuales-son-los-impuestos-cuando-se-alquila/,0,54,0%,14.52
https://www.blancareal.com/nl/diensten/,0,54,0%,23.06
https://www.blancareal.com/fr/propriete/parcelle-de-terrain-a-nueva-andalucia-avec-projet-villa-dione/,0,54,0%,28.89
http://www.blancareal.com/,0,52,0%,5.75
https://www.blancareal.com/it/proprieta/appartamenti-di-lusso-con-vista-sul-mare-a-ojen/,0,52,0%,20.31
https://www.blancareal.com/es/propiedad/alquiler-piso-en-la-cala-de-mijas/,0,52,0%,43.83
https://www.blancareal.com/fr/villas-de-luxe/,0,52,0%,47.33
https://www.blancareal.com/property/an-intimate-collection-of-contemporary-sea-view-villas/,0,51,0%,8.04
https://www.blancareal.com/nl/propiedad/,0,51,0%,8.92
https://www.blancareal.com/fr/services/,0,51,0%,14.61
https://www.blancareal.com/property/luxury-villa-nueva-andalucia-marbella/,0,50,0%,34.84
https://www.blancareal.com/de/eigentum/reihenhaus-mit-panoramablick-und-dachterrasse-im-zentrum-von-malaga/,0,49,0%,13.98
https://www.blancareal.com/de/vermietungen/,0,47,0%,44.34
https://www.blancareal.com/fr/locations/,0,47,0%,49.96
https://www.blancareal.com/property/3-bedrooms-apartment-marbella-east/,0,47,0%,58.21
https://www.blancareal.com/fr/propriete/locaux-commerciaux-en-vente/,0,46,0%,18.11
https://www.blancareal.com/de/faq/wie-hoch-sind-die-kosten-und-steuern-beim-kauf-einer-immobilie-in-spanien/,0,45,0%,57.6
https://www.blancareal.com/de/eigentum/reihenhaus-mit-aussicht-auf-die-kueste-von-fuengirola-costa-del-sol/,0,43,0%,33.49
https://www.blancareal.com/nl/onze-projecten/,0,42,0%,22.69
https://www.blancareal.com/fr/nos-projets/,0,42,0%,25.02
https://www.blancareal.com/fr/category/real-estate-4/,0,41,0%,34.24
https://www.blancareal.com/fr/propriete/neuves-maisons-a-vendre-a-fuengirola/,0,41,0%,34.76
https://www.blancareal.com/it/proprieta/appartamenti-3-camere-da-letto-nuova-costruzione-fuengirola/,0,41,0%,55.93
https://www.blancareal.com/property/2-bedroom-flat-in-estepona/,0,39,0%,23.82
https://www.blancareal.com/property/plot-for-sale-in-mijas/,0,39,0%,28.74
https://www.blancareal.com/de/unsere-projekte/,0,39,0%,32.74
https://www.blancareal.com/fr/propriete/maison-de-ville-avec-vue-sur-la-cote-de-fuengirola-costa-del-sol/,0,39,0%,46.36
https://www.blancareal.com/it/nuovo-ufficio-bianco-reale-a-malaga-costa-del-sol/,0,39,0%,46.77
https://www.blancareal.com/it/servizi/,0,38,0%,9.79
https://www.blancareal.com/de/dienstleistungen/,0,38,0%,23.53
https://www.blancareal.com/nl/bloggen/,0,38,0%,40.61
https://www.blancareal.com/es/vacacional/,0,37,0%,15.57
https://www.blancareal.com/nl/propiedad/perceel-in-nieuw-andalucie-met-project-marbella/,0,37,0%,31.51
https://www.blancareal.com/fr/blog/,0,37,0%,40.86
https://www.blancareal.com/it/proprieta/case-vendita-in-spagna-andalusia/,0,36,0%,27.36
https://www.blancareal.com/sustainable-fuengirola/,0,36,0%,27.78
https://www.blancareal.com/es/ubicacion-ubicacion/fuengirola/,0,36,0%,31.31
https://www.blancareal.com/fr/faq/qui-paie-les-frais-dune-procedure-dachat-en-espagne/,0,36,0%,36.58
https://www.blancareal.com/fr/propriete/appartement-de-3-chambres-a-costa-del-sol/,0,36,0%,61.19
https://www.blancareal.com/nl/blancareal-blijft-malaga-expo-2027-ondersteunen/,0,35,0%,8.34
https://www.blancareal.com/fr/doccasion/,0,34,0%,16.68
https://www.blancareal.com/fr/propriete/terrain-a-vendre-torrox-malaga/,0,34,0%,19.71
https://www.blancareal.com/fr/propriete/maison-mitoyenne-a-malaga-avec-vues-panoramiques-et-terrasses/,0,34,0%,26.44
https://www.blancareal.com/it/proprieta/appartamento-in-affitto-per-le-vacanze-vicino-alla-spiaggia-costa-del-sol/,0,34,0%,59.82
https://www.blancareal.com/nl/propiedad/plaats-met-luxe-villa-project-dicht-bij-marbella/,0,34,0%,63.32
https://www.blancareal.com/es/faq/what-is-the-difference-between-a-real-estate-agent-and-a-real-estate-broker/,0,33,0%,10.82
https://www.blancareal.com/de/eigentum/luxusvilla-in-mijas-costa-del-sol/,0,33,0%,24
https://www.blancareal.com/property/new-build-flats-in-el-higueron-fuengirola/,0,33,0%,35.27
https://www.blancareal.com/it/proprieta/nuova-costruzione-di-villa-di-lusso-con-piscina-a-el-higueron-fuengirola/,0,32,0%,12.38
https://www.blancareal.com/it/proprieta/appartamento-di-lusso-di-nuova-costruzione-a-el-higueron/,0,32,0%,16.47
https://www.blancareal.com/nl/propiedad/appartementen-3-slaapkamers-strand-5-minuten-costa-del-sol/,0,32,0%,34.12
https://www.blancareal.com/de/agente/eva-valero/,0,32,0%,45.69
https://www.blancareal.com/de/neues-real-weisses-buero-in-malaga-costa-del-sol/,0,32,0%,61.5
https://www.blancareal.com/it/proprieta/appartamenti-di-nuova-costruzione-a-el-higueron-fuengirola/,0,31,0%,10.65
https://www.blancareal.com/nl/wir-verkaufen-ihr-haus-professionelle-vermittlung-mit-hauseigener-rechts-und-marketingabteilung/,0,31,0%,25.13
https://www.blancareal.com/de/neubau/,0,31,0%,40.19
https://www.blancareal.com/de/eigentum/wohnung-in-spanien-kaufen/,0,31,0%,49.52
https://www.blancareal.com/it/proprieta/terreno-in-vendita-mijas/,0,30,0%,9.23
https://www.blancareal.com/it/proprieta/villa-rustica-lusso-vendita-estepona/,0,30,0%,19.47
https://www.blancareal.com/property/newly-built-flats-in-el-higueron-fuengirola/,0,30,0%,29.6
https://www.blancareal.com/category/real-estate-6/,0,30,0%,30.4
https://www.blancareal.com/it/i-nostri-progetti/,0,30,0%,32.17
https://www.blancareal.com/es/ubicacion-ubicacion/mijas/,0,29,0%,15.17
https://www.blancareal.com/it/proprieta/appartamento-di-2-camere-da-letto-a-estepona/,0,29,0%,24.45
https://www.blancareal.com/fr/propriete/acheter-une-maison-neuve-en-espagne/,0,29,0%,31.1
https://www.blancareal.com/es/category/diseno-y-arquitectura/,0,29,0%,37.28
https://www.blancareal.com/de/eigentum/reihenhaus-in-mijas-mit-atemberaubendem-panoramablick/,0,29,0%,43.79
https://www.blancareal.com/category/uncategorized/,0,28,0%,8.89
https://www.blancareal.com/es/prestacion-propiedad/nuestros-desarrollos/,0,28,0%,9.32
https://www.blancareal.com/fr/propriete/terrain-a-nueva-andalucia-avec-projet-villa-eudora/,0,28,0%,11.61
https://www.blancareal.com/it/blog/,0,28,0%,15.86
https://www.blancareal.com/it/proprieta/casa-vista-sulla-costa-di-fuengirola-costa-del-sol/,0,28,0%,23.14
https://www.blancareal.com/it/proprieta/opportunita-unica-magnifica-villa-indipendente-a-cabopino-marbella/,0,28,0%,25.46
https://www.blancareal.com/de/eigentum/luxusvilla-zu-verkaufen-malaga/,0,28,0%,26.39
https://www.blancareal.com/ubicacion-ubicacion/la-cala-de-mijas-en/,0,28,0%,41.11
https://www.blancareal.com/es/faq/i-have-a-family-friend-who-is-a-realtor-i-like-her-and-she-is-a-help-but-she-gives-me-one-price-to-sell-my-home-for-and-i-think-it-is-too-low-so-i-called-another-agent-who-suggested-a-price-more-in/,0,28,0%,49.96
https://www.blancareal.com/it/proprieta/nuove-case-in-vendita-a-fuengirola/,0,27,0%,26.56
https://www.blancareal.com/fr/faq/quelles-sont-les-impots-a-payer-lors-de-la-location/,0,27,0%,37.85
https://www.blancareal.com/it/nuova-costruzione/,0,27,0%,42.11
https://www.blancareal.com/property/refined-contemporary-living-between-nature-and-marbella/,0,26,0%,9.62
https://www.blancareal.com/es/propiedad/new-build-penthouse-los-pacos-fuengirola/,0,26,0%,11.5
https://www.blancareal.com/fr/dorronsoro-cabinet-darchitecture-derriere-calahonda-sunset/,0,26,0%,11.81
https://www.blancareal.com/it/proprieta/nuovo-sviluppo-di-appartamenti-a-fuengirola/,0,26,0%,29.88
https://www.blancareal.com/es/ubicacion-ubicacion/la-cala-de-mijas/,0,26,0%,48.46
https://www.blancareal.com/fr/propriete/appartements-a-vendre-en-espagne/,0,25,0%,32
https://www.blancareal.com/de,0,25,0%,45.56
https://www.blancareal.com/de/eigentum/wohnung-mieten-cala-de-mijas/,0,25,0%,62.16
https://www.blancareal.com/nl/nieuwe-partner-voor-nieuwe-ontwikkelingen-aan-de-costa-del-sol/,0,24,0%,28.33
https://www.blancareal.com/fr/propriete/penthouse-dans-une-nouvelle-construction-a-el-higueron/,0,22,0%,22.23
https://www.blancareal.com/property/viviendas-con-vistas-panoramicas-al-mar-y-al-golf-en-un-entorno-exclusivo/,0,22,0%,34.68
https://www.blancareal.com/fr/nouvelle-construction/,0,22,0%,49.55
https://www.blancareal.com/propriete/apartments-for-sale-eastern-costa-del-sol-with-sea-view/,0,22,0%,72.95
https://www.blancareal.com/nl/propiedad/2-en-3-slaapkamer-appartementen-prachtig-uitzicht-benalmadena/,0,21,0%,12.67
https://www.blancareal.com/fr/propriete/terrains-a-vendre-mijas-costa/,0,21,0%,16.43
https://www.blancareal.com/it/proprieta/elegante-villa-in-vendita-con-vista-mare-a-marbella-este/,0,21,0%,21.57
https://www.blancareal.com/wp-content/uploads/2022/11/VILLA-C.pdf,0,21,0%,28.33
https://www.blancareal.com/fr/propriete/appartements-neufs-a-cancelada-estepona-3/,0,21,0%,50.48
https://www.blancareal.com/fr/propriete/appartement-nouvellement-construit-dans-le-centre-destepona-2/,0,21,0%,50.57
https://www.blancareal.com/property/stilvolle-villa-mit-meerblick-in-marbella-este-costa-del-sol/,0,20,0%,37.6
https://condesahills.blancareal.com/en/payment-method/,0,20,0%,42.5
https://www.blancareal.com/it/proprieta/terreno-vendita-mijas-costa/,0,19,0%,13.74
https://www.blancareal.com/it/proprieta/attico-con-piscina-privata-in-vendita-a-estepona/,0,19,0%,22
https://www.blancareal.com/de/neuer-partner-fuer-neubau-gebaute-costa-del-sol/,0,19,0%,33.79
https://www.blancareal.com/es/agente/blanca-real/,0,19,0%,42.32
https://www.blancareal.com/property/new-build-flats-in-cancelada-estepona-3/,0,19,0%,46.84
https://www.blancareal.com/de/eigentum/geschaeftsraeume-mijas/,0,18,0%,28.44
https://www.blancareal.com/it/proprieta/comprare-casa-in-spagna/,0,18,0%,29.61
https://www.blancareal.com/fr/propriete/appartements-nouvelle-construction-costa-del-sol-2/,0,18,0%,30.22
https://www.blancareal.com/de/eigentum/villa-in-der-beliebten-gegend-von-cabopino-marbella/,0,18,0%,31.11
https://www.blancareal.com/es/consejos-para-nueva-inversion-dar-de-alta-la-luz/,0,18,0%,44.39
https://www.blancareal.com/es/6-ventajas-de-una-vivienda-sostenible/,0,18,0%,76.39
https://www.blancareal.com/property/,0,17,0%,5.76
https://www.blancareal.com/it/vendiamo-la-sua-casa-intermediazione-professionale-con-reparto-legale-e-marketing-in-house/,0,17,0%,15.82
https://www.blancareal.com/de/wir-verkaufen-ihr-haus-professionelle-vermittlung-mit-hauseigener-rechts-und-marketingabteilung/,0,17,0%,20.35
https://www.blancareal.com/real-estate-boom/,0,17,0%,24.59
https://www.blancareal.com/wp-content/uploads/2022/11/VILLA-B.pdf,0,17,0%,27.59
https://www.blancareal.com/nl/propiedad/appartementen-in-benahavis-costa-del-sol/,0,17,0%,28.24
https://www.blancareal.com/de/eigentum/grundstuck-kaufen-mijas/,0,17,0%,34.71
https://www.blancareal.com/de/eigentum/diskrete-villa-vermietung-cala-de-mijas/,0,17,0%,42.06
https://www.blancareal.com/fr/propriete/appartements-nouvelle-construction-fuengirola-costa-del-sol/,0,16,0%,6.5
https://www.blancareal.com/es/propiedad/luxury-villa-nueva-andalucia-marbella/,0,16,0%,15.25
https://www.blancareal.com/fr/blancareal-continue-de-soutenir-malaga-expo-2027/,0,16,0%,18.88
https://www.blancareal.com/nl/propiedad/uitstekende-villa-in-marbella-met-een-meerr/,0,16,0%,23.44
https://www.blancareal.com/blog/page/3/,0,16,0%,25.12
https://www.blancareal.com/fr/propriete/appartements-de-luxe-avec-vue-sur-la-mer-a-ojen/,0,16,0%,25.62
https://www.blancareal.com/de/eigentum/malaga-wohnung-kaufen/,0,16,0%,39.12
https://www.blancareal.com/property/semi-detached-houses-in-mijas-with-stunning-panoramic-views/,0,16,0%,61.62
https://www.blancareal.com/contact-blancareal-costadel-sol/,0,15,0%,15.07
https://www.blancareal.com/de/eigentum/neu-gebaute-wohnung-im-zentrum-von-estepona-2/,0,15,0%,32.53
https://condesahills.blancareal.com/en/availability/,0,15,0%,49.2
https://www.blancareal.com/nl/5-reasons-invest-costa-del-sol-given-instability-middle-east/,0,14,0%,3.93
https://www.blancareal.com/it/proprieta/appartamento-di-nuova-costruzione-a-puerto-banus/,0,14,0%,18.64
https://www.blancareal.com/de/kontakt/,0,14,0%,27.57
https://www.blancareal.com/property/3-bedroom-flat-in-estepona/,0,14,0%,29.07
https://www.blancareal.com/nl/propiedad/stadsplanning-te-koop-in-torrox-malaga/,0,14,0%,31.71
https://www.blancareal.com/de/eigentum/wohnungen-2-und-3-schlafzimmern-atemberaubende-aussicht-benalmadena/,0,14,0%,35.93
https://www.blancareal.com/nl/propiedad/nieuwgebouwde-appartementen-in-el-higueron-costa-del-sol/,0,14,0%,47.86
https://www.blancareal.com/es/prestacion-propiedad/garaje/,0,14,0%,81.36
https://www.blancareal.com/fr/nouvelle-collaboration-pour-nouvelle-construction/,0,13,0%,11
https://www.blancareal.com/es/blog/page/2/,0,13,0%,30.23
https://www.blancareal.com/property/page/2/,0,13,0%,41.85
https://www.blancareal.com/fr/agente/eva-valero/,0,13,0%,42.85
https://www.blancareal.com/es/prestacion-propiedad/vistas-al-mar/page/6/,0,12,0%,11.17
https://www.blancareal.com/property/holiday-rental-apartment-near-the-beach-mijas-costa/,0,12,0%,13.17
https://www.blancareal.com/fr/propriete/appartements-nouvelle-construction-costa-del-sol/obra-nueva-en-benalmadena-balcones-del-pinillo/,0,12,0%,13.42
https://condesahills.blancareal.com/en/gallery/,0,12,0%,17.33
https://www.blancareal.com/de/eigentum/neu-gebaute-wohnung-im-zentrum-von-estepona/,0,12,0%,27.67
https://www.blancareal.com/fr/propriete/villa-de-luxe-mijas-costa-del-sol/,0,12,0%,31.17
https://www.blancareal.com/fr/propriete/appartements-nouvelle-construction-costa-del-sol/,0,12,0%,33.5
https://www.blancareal.com/de/aus-zweiter-hand/,0,12,0%,36.17
https://www.blancareal.com/es/blancareal-sigue-apoyando-malaga-expo2027/,0,12,0%,41.08
https://www.blancareal.com/property/new-build-flats-in-cancelada-estepona/,0,12,0%,46.08
https://www.blancareal.com/de/agente/blanca-real/,0,12,0%,49.33
https://www.blancareal.com/nl/propiedad/🏖️☀️hedendaagse-villas-in-mijas-costa-costa-del-sol/,0,12,0%,58.17
https://www.blancareal.com/es/propiedad/page/15/,0,12,0%,63.83
https://www.blancareal.com/es/ubicacion-ubicacion/torremolinos/,0,12,0%,65.75
https://www.blancareal.com/blog/page/4/,0,11,0%,6.36
https://www.blancareal.com/property/3-bedrooms-penthouse-las-lagunas-mijas/,0,11,0%,6.64
https://www.blancareal.com/de/eigentum/neu-gebaute-villa-in-el-higueron/,0,11,0%,15
https://www.blancareal.com/es/faq/when-buying-a-new-home-what-upgrades-should-we-go-for-what-holds-the-most-value-do-we-upgrade-the-lot-pick-more-square-footage-in-the-house-add-an-extra-bedroom-etc/,0,11,0%,20.82
https://www.blancareal.com/nl/propiedad/exklusives-luxusvillenprojekt-mit-meerblick-in-costa-del-sol/,0,11,0%,34.27
https://www.blancareal.com/de/blog/,0,11,0%,38.82
https://www.blancareal.com/es/ubicacion-ubicacion/istan/,0,11,0%,41.36
https://www.blancareal.com/fr/category/nouvelle-consttuction/,0,11,0%,50.18
https://www.blancareal.com/it/seconda-mano/,0,11,0%,58.55
https://www.blancareal.com/es/propiedad/page/3/,0,11,0%,58.64
https://www.blancareal.com/es/propiedad/page/21/,0,11,0%,66.82
https://www.blancareal.com/nl/propiedad/local-100m2-la-cala-de-mijas-centro/,0,10,0%,10.8
https://www.blancareal.com/de/eigentum/neu-gebaute-wohnungen-in-cancelada-estepona-2/,0,10,0%,16.1
https://www.blancareal.com/de/eigentum/neu-gebaute-wohnungen-mit-meerblick-in-benalmadena-pueblo-malaga-spanien-2/obra-nueva-en-benalmadena-balcones-del-pinillo/,0,10,0%,16.1
https://www.blancareal.com/de/eigentum/neues-wohnungsbauprojekt-in-fuengirola/,0,10,0%,28.1
https://www.blancareal.com/nl/prestacion-propiedad/terras/page/4/,0,10,0%,29.6
https://www.blancareal.com/de/prestacion-propiedad/aufzug/page/4/,0,10,0%,30.7
https://condesahills.blancareal.com/de/danke/,0,10,0%,73.5
https://www.blancareal.com/de/eigentum/stijlvolle-villa-met-zeezicht-in-marbella-este-costa-del-sol/,0,10,0%,93.5
https://www.blancareal.com/it/nuova-collaborazione-per-nuova-opera/,0,9,0%,4.22
https://www.blancareal.com/it/category/real-estate-3/,0,9,0%,13.56
https://www.blancareal.com/de/eigentumssuche/,0,9,0%,15.22
https://www.blancareal.com/it/prestacion-propiedad/i-nostri-progetti/,0,9,0%,16.78
https://www.blancareal.com/de/eigentum/gemuetliche-wohnung-in-der-naehe-des-zentrums-von-fuengirola/,0,9,0%,25.11
https://www.blancareal.com/es/faq/como-extranjero-se-me-permite-tener-una-hipoteca/,0,9,0%,27.22
https://www.blancareal.com/property/plot-for-sale-in-mijas-costa/,0,9,0%,30.33
https://www.blancareal.com/it/category/partner-it/,0,9,0%,33.33
https://www.blancareal.com/fr/propriete/appartement-3b-avec-vue-sur-la-mer-a-estepona/,0,9,0%,33.44
https://www.blancareal.com/estado-propiedad/for-sale/page/7/,0,9,0%,53.22
https://www.blancareal.com/fr/location-de-vacances/,0,9,0%,55.22
https://www.blancareal.com/ubicacion-ubicacion/istan-en/,0,9,0%,58.78
https://www.blancareal.com/de/eigentum/gewerbeflaeche-100-m2-costa-del-sol/,0,9,0%,70.67
https://www.blancareal.com/fr/category/parner/,0,9,0%,76.11
https://www.blancareal.com/es/prestacion-propiedad/cocina-amueblada/page/5/,0,9,0%,77.67
https://www.blancareal.com/de/eigentum/viviendas-con-vistas-panoramicas-al-mar-y-al-golf-en-un-entorno-exclusivo/,0,8,0%,6.88
https://www.blancareal.com/es/vendemos-su-casa-intermediacion-profesional-con-legal-y-marketing-in-house/,0,8,0%,7.5
https://www.blancareal.com/it/ubicacion-ubicacion/benalmadena-it/,0,8,0%,7.62
https://www.blancareal.com/de/eigentum/wohnung-3-schlafzimmer-5-minuten-vom-strand/,0,8,0%,30.25
https://www.blancareal.com/de/eigentum/neue-wohnungen-in-spektakulaerem-komplex-costa-del-sol/,0,8,0%,37.5
https://www.blancareal.com/fr/propriete/terrain-vendre-mijas-costa/,0,8,0%,41.5
https://www.blancareal.com/es/tag/adj/,0,8,0%,57.12
https://www.blancareal.com/fr/faq/quels-sont-les-couts-et-les-taxes-lies-a-lachat-dun-bien-immobilier-en-espagne/,0,8,0%,63.62
https://www.blancareal.com/nl/propiedad/stijlvolle-villa-met-zeezicht-in-marbella-este-costa-del-sol/,0,8,0%,82.25
https://www.blancareal.com/it/vacanze/,0,7,0%,7.43
https://www.blancareal.com/wp-content/uploads/2023/11/vistas-panoramicas-mar-terraza-atico-pisos-venta-benalmadena-real-estate-inmobiliaria-costa-del-sol.webp,0,7,0%,9.71
https://www.blancareal.com/it/proprieta/maestose-ville-con-vista-mare-a-mijas-costa-del-sol/,0,7,0%,10.43
https://www.blancareal.com/it/category/architettura-e-design/,0,7,0%,33
https://www.blancareal.com/de/faq/wie-hoch-sind-die-steuern-bei-der-vermietung/,0,7,0%,45.14
https://condesahills.blancareal.com/en/thank-you/,0,7,0%,50.29
https://www.blancareal.com/es/propiedad/page/14/,0,7,0%,58.86
https://www.blancareal.com/our-developments-2/,0,6,0%,5.5
https://www.blancareal.com/fr/ubicacion-ubicacion/manilva-fr/,0,6,0%,8.5
https://www.blancareal.com/de/eigentum/neubau-luxusvilla-mit-schwimmbad-in-el-higueron-fuengirola/,0,6,0%,10.83
https://www.blancareal.com/property/newly-built-luxury-appartment-costa-del-sol/,0,6,0%,14.17
https://www.blancareal.com/es/propiedad/viviendas-con-vistas-panoramicas-al-mar-y-al-golf-en-un-entorno-exclusivo/,0,6,0%,18
https://www.blancareal.com/fr/propriete/luxury-villa-nueva-andalucia-marbella/,0,6,0%,18.5
https://www.blancareal.com/nl/propiedad/nieuw-gebouwde-villas-in-manilva/,0,6,0%,29
https://www.blancareal.com/nl/propiedad/3-slaapkamerappartement-in-marbella/,0,6,0%,41.5
https://www.blancareal.com/nl/propiedad/new-build-property-los-pacos-fuengirola/,0,6,0%,44.33
https://www.blancareal.com/property/cosy-flat-near-the-centre-of-fuengirola/,0,6,0%,57.17
https://www.blancareal.com/property/2-bedrooms-apartment-fuengirola/,0,5,0%,5
https://www.blancareal.com/es/tipo-propiedad/aticos/page/2/,0,5,0%,6.4
https://www.blancareal.com/it/proprieta/villa-di-lusso-mijas-costa-del-sol/,0,5,0%,7.4
https://www.blancareal.com/es/propiedad/2-bedrooms-apartment-fuengirola/,0,5,0%,7.6
https://www.blancareal.com/property/new-townhouses-san-pedro-de-alcantara/,0,5,0%,8
https://www.blancareal.com/nl/category/partner-2/,0,5,0%,8.8
https://www.blancareal.com/fr/faq/en-tant-quetranger-suis-je-autorise-a-demander-un-pret-hypothecaire/,0,5,0%,10.2
https://www.blancareal.com/de/eigentum/stadthaus-in-las-lagunas-mijas/,0,5,0%,10.8
https://www.blancareal.com/property/plots-for-sale-mijas/,0,5,0%,11.6
https://www.blancareal.com/wp-content/uploads/2022/10/plano-semisotano-villa-venta-marbella-costa-del-sol-real-estate-inmobiliaria-blancareal.webp,0,5,0%,15
https://www.blancareal.com/es/agente/eva-valero/page/21/,0,5,0%,18.2
https://www.blancareal.com/it/prestacion-propiedad/ascensore/page/4/?view=grid,0,5,0%,20.2
https://www.blancareal.com/nl/nieuw-verkoopkantoor-van-blancareal-in-puerto-de-la-torre-costa-del-sol/,0,5,0%,22.4
https://www.blancareal.com/de/eigentum/grundstuck-mijas-costa-kaufen/,0,5,0%,27.4
https://www.blancareal.com/it/proprieta/appartamento-vacanze-mijas-costa/,0,5,0%,29.6
https://www.blancareal.com/it/proprieta/appartamenti-3-camere-nuova-construzione-fuengirola-costa-del-sol/,0,5,0%,35.2
https://www.blancareal.com/de/eigentum/ferienwohnung-in-strandnaehe-costa-del-sol/,0,5,0%,39
https://www.blancareal.com/eigentum/apartments-for-sale-eastern-costa-del-sol-with-sea-view/,0,5,0%,41.8
https://www.blancareal.com/es/ubicacion-ubicacion/cuevas-bajas/,0,5,0%,53.4
https://www.blancareal.com/nl/onze-promoties/,0,5,0%,61.4
https://www.blancareal.com/property/page/14/,0,5,0%,67.6
https://www.blancareal.com/ubicacion-ubicacion/manilva-en/,0,4,0%,1.75
https://www.blancareal.com/wp-content/uploads/2025/05/living-room02-apartments-for-sale-sea-views-costa-del-sol-torrox-real-estate-blancareal.webp,0,4,0%,2.25
https://www.blancareal.com/eigentum/an-intimate-collection-of-contemporary-sea-view-villas/,0,4,0%,4.75
https://www.blancareal.com/faq/what-are-the-taxes-when-renting/,0,4,0%,4.75
https://www.blancareal.com/de/eigentum/marbella-wohnung-kaufen/,0,4,0%,5
https://www.blancareal.com/es/propiedad/villa-de-nueva-construccion-en-el-higueron-2/,0,4,0%,7
https://www.blancareal.com/fr/nous-vendons-votre-maison-intermediation-professionnelle-avec-service-juridique-et-marketing-integres/,0,4,0%,7
https://www.blancareal.com/fr/agente/blanca-real-2/,0,4,0%,8
https://www.blancareal.com/es/prestacion-propiedad/obra-nueva/page/2/?view=grid,0,4,0%,9
https://www.blancareal.com/wp-content/uploads/2024/08/exterior-view-villa-lujo-luxury-mijas-costadelsol-blancareal.webp,0,4,0%,10.75
https://condesahills.blancareal.com/de/iimmobilienprojekt-in-mijas-costa/,0,4,0%,14
https://www.blancareal.com/wp-content/uploads/2024/08/group-upper-view-villa-lujo-luxury-mijas-costadelsol-blancareal.webp,0,4,0%,15.5
https://www.blancareal.com/de/eigentum/baugrundstueck-mit-3-villen-in-el-chaparral-mijas-costa/,0,4,0%,21.75
https://www.blancareal.com/nl/propiedad/appartementen-te-koop-aan-de-oostelijke-costa-del-sol-met-zeezicht/,0,4,0%,42.5
https://www.blancareal.com/fr/propriete/maison-a-louer-mijas/,0,4,0%,44
https://www.blancareal.com/de/eigentum/wohnungen-in-benahavis-marbella/,0,4,0%,45.25
https://www.blancareal.com/wp-content/uploads/2020/05/interior-estilo-minimalista-e1594037239607.jpg,0,4,0%,50
https://www.blancareal.com/blog/page/5/,0,4,0%,52
https://www.blancareal.com/de/eigentum/new-build-property-los-pacos-fuengirola/,0,4,0%,53.75
https://www.blancareal.com/it/agente/eva-valero/,0,3,0%,3.67
https://www.blancareal.com/es/propiedad/terreno-en-venta-mijas-costa/,0,3,0%,4.67
https://www.blancareal.com/de/ueber-uns-2/,0,3,0%,5.67
https://www.blancareal.com/nl/propiedad/rijtjeshuis-met-uitzicht-op-de-kust-van-fuengirola-costa-del-sol/,0,3,0%,5.67
https://www.blancareal.com/nl/propiedad/new-build-penthouse-los-pacos-fuengirola/,0,3,0%,6.33
https://www.blancareal.com/property/page/18/,0,3,0%,6.67
https://www.blancareal.com/it/proprieta/appartamenti-di-nuova-costruzione-con-vista-mare-a-benalmadena-pueblo-malaga-spagna-2/obra-nueva-en-benalmadena-balcones-del-pinillo/,0,3,0%,7
https://www.blancareal.com/nl/propiedad/viviendas-con-vistas-panoramicas-al-mar-y-al-golf-en-un-entorno-exclusivo/,0,3,0%,7
https://www.blancareal.com/wp-content/uploads/2023/12/vista-fachada-interior-pisos-venta-calahonda-sunset-mijas-costa-del-sol-blancareal-real-estate.webp,0,3,0%,8
https://www.blancareal.com/de/eigentum/sea-view-penthouse-arenal-golf-double-parking-storage/,0,3,0%,8.33
https://www.blancareal.com/it/proprieta/spettacolare-villa-a-calahonda/,0,3,0%,8.67
https://www.blancareal.com/es/category/real-estate-news/,0,3,0%,9
https://www.blancareal.com/es/estado-propiedad/compra/page/8/?view=grid,0,3,0%,9
https://www.blancareal.com/it/category/non-categorizzato/,0,3,0%,10
https://www.blancareal.com/it/proprieta/appartamento-di-nuova-costruzione-nel-centro-di-estepona-2/,0,3,0%,12
https://www.blancareal.com/fr/ubicacion-ubicacion/istan-fr/,0,3,0%,15.33
https://www.blancareal.com/it/proprieta/villetta-a-schiera-con-vista-al-mare/,0,3,0%,17
https://www.blancareal.com/wp-content/uploads/2020/05/fachada-villa-estilo-minimalista-e1594037288946.jpg,0,3,0%,21.67
https://www.blancareal.com/wp-content/uploads/2021/10/7532095-1240x720.jpg,0,3,0%,25
https://www.blancareal.com/nl/propiedad/stadhuizen-in-mijas-costa-costa-del-sol/,0,3,0%,34.67
https://condesahills.blancareal.com/fr/galerie/,0,3,0%,38
https://www.blancareal.com/nl/propiedad/gelegenheit-fur-geschaftsraume-in-costa-del-sol/,0,3,0%,46.33
https://www.blancareal.com/es/vender-casa-blancareal/,0,3,0%,48
https://www.blancareal.com/de/eigentum/neubauwohnungen-3-schlafzimmer-fuengirola-costa-del-sol/,0,3,0%,53.33
https://www.blancareal.com/es/propiedad/villa-de-lujo-mijas-costa-del-sol/,0,3,0%,58.67
https://www.blancareal.com/property/page/3/,0,3,0%,63.33
https://www.blancareal.com/de/fuer-ferien/page/5/?view=list,0,3,0%,64.33
https://www.blancareal.com/nl/propiedad/page/6/,0,3,0%,78
https://www.blancareal.com/nl/prestacion-propiedad/gemeenschappelijk-zwembad/,0,3,0%,80.33
https://www.blancareal.com/es/prestacion-propiedad/obra-nueva/page/6/,0,3,0%,81
https://www.blancareal.com/de/category/partners-de/,0,3,0%,84
https://www.blancareal.com/nl/prestacion-propiedad/lift-nl/,0,3,0%,86
https://www.blancareal.com/it/blog/page/3/,0,3,0%,92.67
https://www.blancareal.com/it/proprieta/appartamenti-in-vendita-sulla-costa-del-sol-orientale-con-vista-mare/,0,3,0%,101
https://www.blancareal.com/es/propiedad/majestuosa-villa-con-vistas-al-mar-colinas-higueron/,0,2,0%,1.5
https://www.blancareal.com/es/propiedad/page/15/?view=grid,0,2,0%,2
https://www.blancareal.com/wp-content/uploads/2023/12/vistas-panoramicas-promocion-obra-nueva-pisos-venta-calahonda-mijas-costa-del-sol-blancareal-real-estate.webp,0,2,0%,2.5
https://www.blancareal.com/es/vacacional/page/13/,0,2,0%,3
https://www.blancareal.com/de/agente/marcelo-navarro/,0,2,0%,4
https://www.blancareal.com/it/proprieta/terreno-in-vendita-mijas-costa/,0,2,0%,4.5
https://www.blancareal.com/property/luxury-flat-with-sea-view-in-marbella/,0,2,0%,4.5
https://www.blancareal.com/it/about-us/,0,2,0%,5
https://www.blancareal.com/es/obra-nueva/page/3/,0,2,0%,6
https://www.blancareal.com/fr/propriete/terrain-a-vendre-a-mijas-costa/,0,2,0%,6
https://www.blancareal.com/de/eigentum/wohnungen-mit-meerblick-an-der-ostcosta-del-sol-zu-verkaufen/,0,2,0%,6.5
https://www.blancareal.com/ubicacion-ubicacion/fuengirola-en/page/3/?view=grid,0,2,0%,6.5
https://www.blancareal.com/es/ubicacion-ubicacion/malaga-provincia/page/4/,0,2,0%,7
https://www.blancareal.com/vacation/,0,2,0%,7
https://www.blancareal.com/fr/propriete/maison-de-ville-a-las-lagunas-de-mijas/,0,2,0%,7.5
https://www.blancareal.com/wp-content/uploads/2021/10/7532045.jpg,0,2,0%,8
https://www.blancareal.com/fr/propriete/terrain-a-vendre-mijas/,0,2,0%,8.5
https://www.blancareal.com/wp-content/uploads/2023/11/vistas-panoramicas-mar-atico-pisos-venta-benalmadena-real-estate-inmobiliaria-costa-del-sol.webp,0,2,0%,8.5
https://www.blancareal.com/wp-content/uploads/2025/12/PLANOS-LANTANA-VILLA-2.pdf,0,2,0%,8.5
https://www.blancareal.com/es/prestacion-propiedad/terraza/?view=list,0,2,0%,9
https://www.blancareal.com/fr/propriete/appartement-vendre-rincon-de-la-victoria/,0,2,0%,9
https://www.blancareal.com/wp-content/uploads/2023/12/vista-ampliada-fachada-interior-piscina-pisos-venta-calahonda-mijas-costa-del-sol-blancareal-real-estate.webp,0,2,0%,9
https://www.blancareal.com/es/propiedad/amazing-duplex-penthouse-fuengirola/,0,2,0%,11
https://www.blancareal.com/it/proprieta/appartamenti-di-nuova-costruzione-a-cancelada-estepona/,0,2,0%,14
https://www.blancareal.com/prestacion-propiedad/private-swimming-pool/,0,2,0%,15
https://www.blancareal.com/wp-content/uploads/2023/02/11461027.jpg,0,2,0%,16
https://www.blancareal.com/wp-content/uploads/2022/10/plano-planta-baja-villa-venta-marbella-costa-del-sol-real-estate-inmobiliaria-blancareal.webp,0,2,0%,16.5
https://www.blancareal.com/de/prestacion-propiedad/grunflachen/,0,2,0%,20.5
https://www.blancareal.com/fr/propriete/appartements-a-fuengirola/,0,2,0%,22
https://www.blancareal.com/it/proprieta/2-bedrooms-apartment-fuengirola/,0,2,0%,22.5
https://www.blancareal.com/wp-content/uploads/2023/11/planos-pisos-dos-dormitorios-venta-sale-benalmadena-real-estate-inmobiliaria-costa-del-sol-1240x720.webp,0,2,0%,23
https://www.blancareal.com/wp-content/uploads/2023/11/vistas-panoramicas-mar-atico-pisos-venta-benalmadena-real-estate-inmobiliaria-costa-del-sol02-1240x720.webp,0,2,0%,33
https://www.blancareal.com/wp-content/uploads/2020/05/Apartment-in-estepona-6-1.jpg,0,2,0%,38.5
https://www.blancareal.com/de/eigentum/malaga-penthouse-kaufen/,0,2,0%,39.5
https://www.blancareal.com/de/eigentum/neue-hauser-spanien-kaufen/,0,2,0%,41
https://www.blancareal.com/faq/as-a-foreigner-am-i-allowed-to-have-a-mortgage/,0,2,0%,43.5
https://www.blancareal.com/wp-content/uploads/2023/12/vistas-panoramicas-mar-pisos-venta-calahonda-mijas-costa-del-sol-blancareal-real-estate.webp,0,2,0%,56.5
https://www.blancareal.com/es/tipo-propiedad/pisos/?view=grid,0,2,0%,68
https://www.blancareal.com/fr/blog/page/3/,0,2,0%,69.5
https://www.blancareal.com/es/prestacion-propiedad/vistas-al-mar/,0,2,0%,91
https://www.blancareal.com/es/propiedad/refined-contemporary-living-between-nature-and-marbella/,0,1,0%,1
https://www.blancareal.com/fr/category/non-classifiee/,0,1,0%,1
https://www.blancareal.com/it/5-reasons-invest-costa-del-sol-given-instability-middle-east/,0,1,0%,1
https://www.blancareal.com/it/category/real-estate-news/,0,1,0%,1
https://www.blancareal.com/it/proprieta/case-a-schiera-a-mijas-con-viste-panoramiche-mozzafiato/,0,1,0%,1
https://www.blancareal.com/it/ubicacion-ubicacion/manilva-it/?view=list,0,1,0%,1
https://www.blancareal.com/it/ville-di-lusso/page/20/,0,1,0%,1
https://www.blancareal.com/property/charming-apartment-san-pedro/,0,1,0%,1
https://www.blancareal.com/it/ubicacion-ubicacion/mijas-it/?view=grid,0,1,0%,2
https://www.blancareal.com/nl/propiedad/nieuwbouwappartementen-met-3-slaapkamers-costa-del-sol/,0,1,0%,2
https://www.blancareal.com/de/category/unkategorisiert/,0,1,0%,3
https://www.blancareal.com/de/eigentum/2-schlafzimmer-wohnung-in-estepona/,0,1,0%,3
https://www.blancareal.com/nl/propiedad/3-bedrooms-penthouse-las-lagunas-mijas/,0,1,0%,3
https://www.blancareal.com/wp-content/uploads/2022/05/9265228.jpg,0,1,0%,3
https://www.blancareal.com/de/eigentum/2-bedrooms-apartment-fuengirola/,0,1,0%,4
https://www.blancareal.com/de/eigentum/doppelhaushaelfte-mit-meerblick/,0,1,0%,4
https://www.blancareal.com/es/ubicacion-ubicacion/malaga-capital/,0,1,0%,4
https://www.blancareal.com/fr/propriete/villa-jumelee-avec-vue-sur-la-mer/,0,1,0%,4
https://www.blancareal.com/it/ubicacion-ubicacion/malaga-citta/,0,1,0%,4
https://www.blancareal.com/de/prestacion-propiedad/garage-de/page/7/,0,1,0%,5
https://www.blancareal.com/eigentum/refined-contemporary-living-between-nature-and-marbella/,0,1,0%,5
https://www.blancareal.com/es/prestacion-propiedad/piscina-privada/page/3/,0,1,0%,5
https://www.blancareal.com/estado-propiedad/for-sale/page/4/?view=grid,0,1,0%,5
https://www.blancareal.com/it/proprieta/appartamenti-3-camere-a-5-min-dalla-spiaggia/,0,1,0%,5
https://www.blancareal.com/nl/prestacion-propiedad/onze-ontwikkelingen/,0,1,0%,5
https://www.blancareal.com/wp-content/uploads/2020/05/vista-terraza-promocion-pisos-venta-for-sale-fuengirola-costa-del-sol-blancareal-real-estate-680x510.webp,0,1,0%,5
https://www.blancareal.com/de/eigentum/wohnungen-zu-verkaufen-malaga-spanien/,0,1,0%,6
https://www.blancareal.com/es/propiedad/page/4/?view=list,0,1,0%,6
https://www.blancareal.com/es/propiedad/parcela-en-venta-mijas-costa/,0,1,0%,6
https://www.blancareal.com/fr/recherche-de-propriete/page/2/?child-location=mijas-fr&features=nouvelle-construction,0,1,0%,6
https://www.blancareal.com/it/ubicacion-ubicacion/malaga-provincia-it/page/9/?view=list,0,1,0%,6
https://www.blancareal.com/it/ubicacion-ubicacion/mijas-it/,0,1,0%,6
https://www.blancareal.com/property/location-appartment-mijas/,0,1,0%,6
https://www.blancareal.com/property/page/5/?view=grid,0,1,0%,6
https://www.blancareal.com/wp-content/uploads/2021/05/sea-view-villas-for-sale-fuengirola-blanca-hills.jpg,0,1,0%,6
https://condesahills.blancareal.com/es/gracias/,0,1,0%,7
https://www.blancareal.com/es/ubicacion-ubicacion/fuengirola/?view=grid,0,1,0%,7
https://www.blancareal.com/it/prestacion-propiedad/ascensore/page/4/,0,1,0%,7
https://www.blancareal.com/it/proprieta/refined-contemporary-living-between-nature-and-marbella/,0,1,0%,7
https://www.blancareal.com/luxury-villas/page/2/?view=list,0,1,0%,7
https://www.blancareal.com/ubicacion-ubicacion/malaga-province/?view=list,0,1,0%,7
https://www.blancareal.com/wp-content/uploads/2023/09/fachada-exterior-atico-pisos-venta-ojen-marbella-costa-del-sol-blancareal-inmobiliaria-real-estate-1240x720.webp,0,1,0%,7
https://www.blancareal.com/es/prestacion-propiedad/obra-nueva/page/5/?view=grid,0,1,0%,8
https://www.blancareal.com/fr/propriete/nouveaux-maisons-a-estepona-marbella-andalousie/,0,1,0%,8
https://www.blancareal.com/nl/category/real-estate-news/,0,1,0%,8
https://www.blancareal.com/wp-content/uploads/2021/05/implantacion-chalets-villas-blancahills-fuengriola-costa-del-sol.webp,0,1,0%,8
https://www.blancareal.com/es/propiedad/?view=grid,0,1,0%,9
https://www.blancareal.com/es/ubicacion-ubicacion/malaga-provincia/page/6/,0,1,0%,9
https://www.blancareal.com/fr/propriete/appartement-de-luxe-avec-vue-sur-la-mer-a-marbella-2/,0,1,0%,9
https://www.blancareal.com/it/proprieta/page/17/,0,1,0%,9
https://www.blancareal.com/prestacion-propiedad/new-developments/page/5/,0,1,0%,9
https://www.blancareal.com/property/page/12/?view=list,0,1,0%,9
https://www.blancareal.com/wp-content/uploads/2024/07/solarium-rooftop-sea-views-apartments-penthouses-sale-estepona-blancareal-malaga-costa-del-sol.webp,0,1,0%,9
https://www.blancareal.com/de/eigentum/amazing-duplex-penthouse-fuengirola/,0,1,0%,10
https://www.blancareal.com/de/tag/minimalismus/,0,1,0%,10
https://www.blancareal.com/es/propiedad/page/11/,0,1,0%,10
https://www.blancareal.com/it/proprieta/terreno-con-3-ville-a-el-chaparral-mijas-costa-del-sol/,0,1,0%,10
https://www.blancareal.com/property/new-construction-villa-in-el-higueron-2/,0,1,0%,10
https://www.blancareal.com/fr/propriete/appartement-de-luxe-a-el-higueron/,0,1,0%,11
https://www.blancareal.com/it/proprieta/attico-di-nuova-costruzione-a-el-higueron/,0,1,0%,11
https://www.blancareal.com/it/proprieta/locali-commerciali-mijas/,0,1,0%,11
https://www.blancareal.com/wp-content/uploads/2020/09/vista-jardin-fachada-interior-villas-chalets-venta-condesa-hills-fuengirola-costa-del-sol.webp,0,1,0%,11
https://www.blancareal.com/de/5-reasons-invest-costa-del-sol-given-instability-middle-east/,0,1,0%,12
https://www.blancareal.com/de/eigentum/new-townhouses-san-pedro-de-alcantara/,0,1,0%,12
https://www.blancareal.com/wp-content/uploads/2023/01/zonas-verdes-jardines-complejo-residencial-pisos-estepona-costa-del-sol-real-estate-inmobiliaria-blancareal.webp,0,1,0%,12
https://www.blancareal.com/de/eigentum/page/20/,0,1,0%,13
https://www.blancareal.com/wp-content/uploads/2023/02/11449046.jpg,0,1,0%,13
https://www.blancareal.com/wp-content/uploads/2023/09/vista-aerea-almitak-orion-collection-pisos-venta-obra-nueva-grupo-nido-blancareal-inmobiliaria-fuengirola-malaga-costa-del-sol.webp,0,1,0%,13
https://www.blancareal.com/wp-content/uploads/2023/02/11449039-1240x677.jpg,0,1,0%,14
https://www.blancareal.com/wp-content/uploads/2023/09/comedor-cocina-almitak-orion-collection-pisos-venta-obra-nueva-grupo-nido-blancareal-inmobiliaria-fuengirola-malaga-costa-del-sol.webp,0,1,0%,14
https://www.blancareal.com/wp-content/uploads/2023/11/planos-pisos-tres-dormitorios-venta-sale-benalmadena-real-estate-inmobiliaria-costa-del-sol-1240x720.webp,0,1,0%,14
https://www.blancareal.com/wp-content/uploads/2023/12/vistas-panoramicas-terraza-atico-promocion-obra-nueva-pisos-venta-calahonda-mijas-costa-del-sol-blancareal-real-estate.webp,0,1,0%,14
https://www.blancareal.com/wp-content/uploads/2023/02/11449043.jpg,0,1,0%,15
https://www.blancareal.com/wp-content/uploads/2023/09/vista-angulo-contrario-piscina-fachada-interior-almitak-orion-collection-pisos-venta-obra-nueva-grupo-nido-blancareal-inmobiliaria-fuengirola-malaga-costa-del-sol-1240x720.webp,0,1,0%,15
https://www.blancareal.com/wp-content/uploads/2020/05/dormitorio1-promocion-pisos-venta-for-sale-fuengirola-costa-del-sol-blancareal-real-estate.webp,0,1,0%,16
https://www.blancareal.com/wp-content/uploads/2020/05/fachada-villa-estilo-minimalista-scaled-e1594031887125.jpg,0,1,0%,16
https://www.blancareal.com/wp-content/uploads/2023/09/atico-piscina-privada-almitak-orion-collection-pisos-venta-obra-nueva-grupo-nido-blancareal-inmobiliaria-fuengirola-malaga-costa-del-sol-1240x720.webp,0,1,0%,16
https://www.blancareal.com/wp-content/uploads/2024/02/dormitorio-principal-pisos-nylva-homes-1240x720.webp,0,1,0%,16
https://www.blancareal.com/wp-content/uploads/2026/02/Sunhill-Fuengirola-mapa.jpg,0,1,0%,16
https://www.blancareal.com/it/ubicacion-ubicacion/marbella-it/,0,1,0%,20
https://www.blancareal.com/wp-content/uploads/2020/05/fachada-villa-estilo-minimalista-e1594036679439.jpg,0,1,0%,20
https://www.blancareal.com/wp-content/uploads/2023/11/planos-pisos-tres-dormitorios-venta-sale-benalmadena-real-estate-inmobiliaria-costa-del-sol.webp,0,1,0%,20
https://www.blancareal.com/wp-content/uploads/2020/05/ambiente-espaciosos-estilo-minimalista-e1594037369312.jpg,0,1,0%,21
https://www.blancareal.com/wp-content/uploads/2021/11/7573273.jpg,0,1,0%,22
https://www.blancareal.com/de/tipo-propiedad/penthauser/?view=grid,0,1,0%,23
https://www.blancareal.com/wp-content/uploads/2023/01/11133845.jpg,0,1,0%,23
https://www.blancareal.com/wp-content/uploads/2025/05/second-bedroom-dormitorio-secundario-apartments-for-sale-torrox-costa-del-sol-blancareal-real-estate.webp,0,1,0%,23
https://www.blancareal.com/wp-content/uploads/2020/05/vista-terraza-promocion-pisos-venta-for-sale-fuengirola-costa-del-sol-blancareal-real-estate.webp,0,1,0%,24
https://www.blancareal.com/de/eigentum/neu-gebaute-wohnungen-in-cancelada-estepona/,0,1,0%,25
https://www.blancareal.com/wp-content/uploads/2020/05/plano-pisos-venta-3-habitacion-fuengirola-1.webp,0,1,0%,25
https://www.blancareal.com/wp-content/uploads/2023/02/11461019-1240x716.jpg,0,1,0%,26
https://www.blancareal.com/wp-content/uploads/2023/11/salon-comedor-vistas-mar-pisos-venta-benalmadena-real-estate-inmobiliaria-costa-del-sol.webp,0,1,0%,26
https://www.blancareal.com/wp-content/uploads/2025/05/villa14-terrace-swimming-pool-sea-views-for-sale-mijas-real-estate-costa-del-sol-1240x720.webp,0,1,0%,26
https://www.blancareal.com/wp-content/uploads/2022/10/vista-exterior-superior-villa-venta-marbella-costa-del-sol-blancareal-inmobiliaria-real-estate-680x510.webp,0,1,0%,33
https://www.blancareal.com/wp-content/uploads/2022/12/10819471-1240x680.jpg,0,1,0%,34
https://www.blancareal.com/wp-content/uploads/2023/12/vista-fachada-interior-pisos-venta-calahonda-mijas-costa-del-sol-blancareal-real-estate.webp,0,1,0%,34
https://www.blancareal.com/wp-content/uploads/2025/12/Render-Villa-12-1240x720.jpg,0,1,0%,35
https://www.blancareal.com/nl/propiedad/refined-contemporary-living-between-nature-and-marbella/,0,1,0%,36
https://www.blancareal.com/es/propiedad/page/10/?view=list,0,1,0%,38
https://www.blancareal.com/wp-content/uploads/2023/12/vista-fachada-lateral-promocion-obra-nueva-pisos-venta-calahonda-mijas-costa-del-sol-blancareal-real-estate.webp,0,1,0%,40
https://www.blancareal.com/es/certificados-de-eficiencia-energetica-de-clase-a/,0,1,0%,43
https://condesahills.blancareal.com/de/zahlungsmethode/,0,1,0%,45
https://www.blancareal.com/wp-content/uploads/2021/10/7532075.jpg,0,1,0%,45
https://www.blancareal.com/wp-content/uploads/2024/07/terraza-sea-views-apartments-penthouses-sale-estepona-blancareal-malaga-costa-del-sol02.webp,0,1,0%,45
https://www.blancareal.com/wp-content/uploads/2021/10/7532078.jpg,0,1,0%,49
https://www.blancareal.com/es/blog/page/5/,0,1,0%,50
https://www.blancareal.com/wp-content/uploads/2024/08/living-room-salon-villa-lujo-luxury-mijas-costadelsol-blancareal.webp,0,1,0%,55
https://www.blancareal.com/de/eigentum/majestaetische-villen-mit-meerblick-in-mijas-costa-del-sol/,0,1,0%,61
https://www.blancareal.com/es/propiedad/page/4/,0,1,0%,61
https://www.blancareal.com/wp-content/uploads/2025/05/front-view-garden-swimmingpool-villas-for-sale-mijas-real-estate-costa-del-sol.webp,0,1,0%,64
https://www.blancareal.com/nl/propiedad/halfvrijstaande-woningen-in-mijas-met-adembeneemd-panoramisch-uitzicht/,0,1,0%,75
https://www.blancareal.com/ubicacion-ubicacion/la-cala-de-mijas-en/?view=grid,0,1,0%,76
https://www.blancareal.com/ubicacion-ubicacion/istan-en/?view=list,0,1,0%,82
https://www.blancareal.com/property/page/10/,0,1,0%,85
https://www.blancareal.com/es/prestacion-propiedad/terraza/,0,1,0%,88
https://www.blancareal.com/it/ubicacion-ubicacion/mijas-it/page/3/,0,1,0%,89
https://www.blancareal.com/property/newly-built-apartments-in-benalmadena/,0,1,0%,90
https://www.blancareal.com/ubicacion-ubicacion/marbella-en/page/2/,0,1,0%,95
https://www.blancareal.com/es/busqueda-de-inmuebles/page/8/,0,1,0%,96
https://www.blancareal.com/de/faq/ist-die-agenturkommission-im-verkaufspreis-in-spanien-enthalten/,0,1,0%,97
https://www.blancareal.com/faq/as-a-foreigner-am-i-allowed-to-have-a-mortgage/?glan=/es/zh-cn,0,1,0%,98